14,Shaker Lemon Pie,qLPODSdIZkBysqvCQiTexpSRMNtzkuOEZjB,2677.3,DqxwrLktQVjbpN,16
28,Bean pie,TTUdOGVUnQyIPBVhnNFhehodKcPjkloagWq,4494.5,uOJOVGVvJsPO,30
88,Ice cream cake,"NBqehUjjHuugGvGxOgcaazhsGaD ",9270.15,uPUNkWKoD hoy,26
10,Breakfast sausage,UnMa ETKBJOOpXaSBaJeWVnzSSGZjzm,4665.55,yMlaFVNoMFgDdL,11
78,Cinnamon rolls,fYBgNYSSSQQyJ zqyLMzmwNz UjInPawiQ,8138.14,JUchBCroiFLoEaS,22
6,Dirt cake,"AEkzEQpEBOFCZzJOSouRlATdnHhYnM ",1611.13,jQVYcEoHcyr,14
60,Meyer lemon cake,qISNBxGQQXWhngIOPHJbEvPfZOgo cQQkgvskReg,4261.83,fumwGyRuRF,22
85,Cube toast 2,AGSjGLcArufCBaCwn OMojUIAg,2372.57,RkxKRhLEmBIQrkf,0
30,Cupcone,cOXcJrhtXbHUcPTkhLfyzinlGyuFsvONaQi,3608.58,gHEvBWHgcyBL,24
5,Stack cake,fKODogOBioRnjpxiiJeeBxvRhLsNyFZmsn,7020.88,wVyUBtigOOc,4
85,Hasty pudding,xJSGAXOhPYiYoQnHNzSbLeOPdMEgD,7552.9,hSNAYVOlXWvr i,11
67,Hostess CupCake,wgPgvjfTRIGlaZvhOreZANLNkZA SN BeD,8104.31,oeYTIddmPCRLXP,7
8,Golden Opulence Sundae,wlUfDmBcudiTucmhiaHApaQhmZ,5438.58,DfpqiKyfLwSpOG,23
87,Chocolate-covered bacon,UCoPcQUbTmOyDqdQkaRwwhiSdIVXKrHomQBj,8683.57,lvuTYPcMPzzWx,0
3,Candy,itWCWUFQoKxVfTOwBLrxFhgEjRGc,546.17,ZtbgdfUqvxsv,18
19,Parfait,JJkBVyHRMSYjjcYpxagrojdOhmbeU,9421.7,dzdksiYvRid,7
32,Shaker Lemon Pie,YTMUfbnnsyZqbuQAzhUXfXC UmERNCf,2583.53,wBRegYgOXuehH,21
35,Ice cream cake,OjgJHSyyuPADUcZElncWgQgtXbAmkowdbeVK,812.43,pGvLFiG  O,15
36,Glorified rice,YpRIBKLGbLowvpwfcvPdTKNcA,7634.49,aAqDjQJxQIR,7
39,Checkerboard cake,GiKFOlhgfQG lkjkWafvua,6222.1,CzhXsiJdsWoJr,21
4,Maxwell Street Polish,qwkalKeZkDyteRJWrnSGqnon A,6460.53,IyEcizscqyOit t,5
8,Chocolate-covered potato chips,blXFPcrispHDUxqZSUtIjwN,1858.59,JevJSTWTDuIUr,15
2,Sweet potato pie,kXxGQSLK ccwWZxGovPdoTUiTGi,3531.31,Uvz TBiPrN,9
4,Snickerdoodles,"uKmWFkDbIdzMYFdUNVPjONNqkgjZchgBFM ",6478.14,"BiKvM GZrqmv  ",2
46,Snickerdoodles,iIjJzDWttJoglckEKCeUjZGwSznZDmXe,7732.19,jDfXqNi Rj enlq,20
38,Snickers salad,rmSzRgakIAOqNmAXF toiuBm,3790.27,"YCWKDZhxIG ",6
69,Pumpkin pie,OIgS TNVfLiVcWLdWGxkOupgFgKZPtfgXScIk,8095.65,uYoyxGPtmsmQd,9
59,Apple crisp,mrpMJqpMZbyIUovhIbsnaPs,2699.04,SRHdeagfNQmaK,16
48, Meat Pie,yWvOVJMetLTQLsgwftoimSHrrAS XT,8825.13,vwhPbrPiFZJbVV,4
69,Lemon meringue pie,FzLoQrpAqDsxJjBLuJaPCmMD,3039.8,bVuJhreHgSArGAe,23
42,Jelly cream pie,zMOlcxerhklQM bPCzOAqEZNaMzRQQwgGAuHLQgy,3616.52,FwL qcalEFQSJFz,5
87,Hummingbird cake,sotnolsmhbGcjdbhsADqTVHhXzGcWvAQTEbw,2490.75,InQdXmKMLqHWzC,27
46,Bean pie,jPKJdbtcdLJCzTWgYJeMtNWOzQNwfy,2619.77,fJcIUHkiCbkETAh,4
22,Cookie salad,hHKpVFLMzpXbMDsXkAZwjEWfPzxixyFcq,6184.51,aAkYPvmscsj,3
53,Brownie,SnZboEyJcWChvLaXwQuaUeEBCXrvLzg,3615.96,KTZKNNcwnTD,2
43,Fried pie,NrXLyEbjGaUuHkfOiEakJWtAw,884.64,CDTqXklPFeN,3
8,Pop-TartsCalas,tlYhvBDZiuAmVOUXXUsNyCNQOIMCHhG,2354.12,DSfBdXizSfjFM,12
8,Grasshopper pie,BqD bNLQPpaRpRxwFSCrQhrZgWFuCJBFjTBpxjA,2341.18,rqtTgzICKcUi,14
61,Half-smoke,THQPZIYqffAfqDBHWObmdbaPjEZMU,5015.81,fzlJZgMkl fAY,26
33,Hummingbird cake,HIYnOsm thTqbaoayBtLYFwPZpRzGYRsTd,6020.87,pNNPmFqNdXq,26
83,Fried pie,wyYGf sSvdZBKzLK OI mwhq,3807.99,oNsvaKsUIX,18
43,Banana Foster,YswJjzbqptcwVIDrTCUk,5941.9,DSFPhhAXTaFRur,15
87,Apple pie," BBpkMv IqjgBExTIThhwVguZMbEGxzuz",6169.36,MeYHphYDuI,28
6,Chocolate chip cookie,bMgMlGOjqghuU BCMbvWtOPSSijPOvQ,4959.57,HISyofiPIqY,3
71,Lemon squares,eEisAQyjaHVzqXIukKJyU MbIVfT,1977.31," aX wduVQgXakyX",14
80,Cobbler,fQMJUHjouuRQCoxxiTIgpTKnjcieRToeLtvYlaft,1326.28,ldxtIBctiEnwU,9
34,Jelly cream pie,PeKIUdu iqfUFvSvjPPksCkkhrwXlytgYSrC,6484.65,uIuEcKfe VCOnIu,9
25,Buttermilk pie,aOXBWcEQiDelDhVlXgYQ,7573.88,VJgltTRGWyyR,24
60,Sopaipilla,sFqrntaamhJjGZpNTcMsRrsiqwyiSDGQoJBLed,5569.44,PrHgjmTBJWUv,21
38,Lemon squares,PERsWUDEXQrbEdlxSoqyPnr,8139.68,hTOmQb NNmqxTk,1
46,Bean pie,MpmwtuGqXkYrtVqwzyLyiMkk,9108.74,rHPlbrFtBPFmcX,14
39,Buttermilk pie,FeWsPmHvpdlMTRPTngsbSkrYahR,4542.82,"ZvdCwCKmCBaW ",7
37,Grasshopper pie,MwCTHNQiiDoKNWueKdIOjeu,8805.27,aLmkUJbVWJctdeo,26
11,Jell-O,hXORbBeZMzsrInhrxpqtmQpgtCBPkTkV,890.47,amAzBsyHsyheCLa,18
49,Strawberry Delight,dnnSJIRkYVXEJmkQpXWknGk,5065.46,QrRBPTYvVFKq,0
25,Pop-TartsCalas,kvJxp diiYNcIASXRFROlYpndn,4009.93,PtAulEDDrVfRW,21
50,Grasshopper pie,VEkDeCt YlEjjUYEcDSelD,1781.25,lzKzzywxJxhXFt,17
33,Smith Island cake,NsMgbXOgSeXdyjiUyfOpXsVPmU,9716.41,q wOvDGUjg,23
64,Breakfast sausage,uDBnLcdLxjlIQoVJVoqYZNGMqHU,918.49,U axJEvEDdJ,1
45,Ice cream cake,VPVBMgHrXl SdtkJtZpJgniMhJTevEWqMu,854.93,cqRYobYWDwL,30
43,Pop-TartsCalas,gfArHwRKrsjZHmJZbQiBxUMKvVpLUmNhPFFX,4586.93,NjrcpsNC Kvd,21
85,Bundt cake,BZFuWQzNRkIMkoukDVBbFVoULyslGV MI,7414.76,JvgurIMtVFmhF,10
70,Brown Betty,DeVqDdontaflRlyQoAZNNXjbekgTcW,9592.39,akSzWYN mmD,25
55,Banana split,hRvcplQEQWmRzigRauCPXGgun,9363.75,"paRWKjOiSr ",1
9,Chocolate brownie,BFQxbpQqumRcNWcbjJKMlRpFxluO,3691.38,dBJeHySAHDt,28
4,Maraca pie,hWjKSTD iMVBRxuYcOdf  FHF,4216.57,rgQHcVomjNa,22
58,Marshmallow creme,lwGsfmV QMmEukoPJcYBSnZGrrlShQvWWpBL,4757.58,JjYNroOJLwseGrz,28
79,Fried pie,HXjMitWcdYXpJkkajcebMvTiCgOEq,3361.8,VMHCgrpwNwTxl,28
71,Lady Baltimore cake,BVvdQptrYXJJNmZhgdjba,2924.34,mTDAShvQHI,30
22, Meat Pie,KxPiMhcOadrQaPFaSDjQcScURVcPnuJk,9943.43,htnUnqzaRRoXK,0
36,Fudge,KMDdxwdyLRgYylSgbLUYOspMskOfWShCFwr,8792.73,LZRaDugD ySyKow,14
82,Glorified rice,RWnoeRwHPuhSkHKJWNdFQjF,3619.14,oxBNWRxCxwQKjM,21
33,Corn cookie,rTNvSLAhajiTuqdFlwdtOOFPJER,2655.84,yRRiBcZqXGoA,12
32,Cupcone,fnDiVasaXYWQj v uIwo,768.43,grM NqxgpcsIjT,3
70,Brownie,aIiPYmQBAlrDuWkXLLRAZzgeuWeZVBKMZUZyV,1556.58,GCmenp oPUMR,11
80,Gumbo,WFInfpxeTDeNmnvctVWodszUHKarZ,5338.4,lQCjaMgEQjeTsph,21
17,Cube toast 2,iksfwjXfoeCucapcYVlzelizSPiyUIHQVlJKm,2636.7,ntlKYoFfqLq,8
66,Grasshopper pie,kuSGPfLaShoFPEOKnnrUJNsHZqk,4202.87,lyXFRDdmaFfS,12
46,Strawberry Delight,jxAbOUwAqFiHHcOSRsggdXmKHgEB,5996.5,lgBQvJpUAdtvi,5
11,Breakfast sausage,PYBfnOOvQiCoEvx jlbMtJUTErLIJThIDVbqMJ,9773.58,HHwWrFSGZatsD,28
7,Fruit Pizza,c XnoYxHvpZGtSpXcrVbeetc,1675.79,FSdsvKYxefthtcz,8
52,Dessert bar," KUJMqscWvTIpJxcqykREMwTRQvEspMXNMCSIpA",8615.05,vdtdihuCdjZ,22
26,Persimmon pudding,lujOzgxsUnehhxtTsrPoG,7595.51,VASaMXMwklwChE,12
77,Devil's food cake,xNEIT ckYJlWUSPisNWmdskhWuDXx,7006.11,GPoOhuDh xp,9
51,Grasshopper pie,FjuYdUPVUJKPzQlYxABBSq ZIgKaR,5015.19,SHqZcfJODhpYO,13
76,Derby pie,mZNZzDLXpLrXrKDhzDJcesjdXTGioPpgWghZlt,2227.02,INSjDHlgctr,3
80,Huckleberry pie,WGUUktEkPGUWHUwmTREGn,9903.9,eHoQnfc yUFsM,30
13,Cheese,tjzoxCMwGLzvJNzAHToprOTzyLwGa,8008.64," qlKpPfo P",0
84,Grape pie,xQFkqgZgfMYSV rVHOyeNyplYyUkMcqYtEkhaj,9778.73,muvTlCwvkmEFOQB,7
87,Huckleberry pie,sfedoHRxCxJXeKhnvpcyS,9335.07,oHN ynZrONwO,15
54,Chiffon pie,TyvXfqIYVUIZLHFIPQoRkze,5759.66,ahGsuxyzLLC,18
24,Chicken bog,nVXVpFblKLWpVTExVYiQfqAcWrXNe,9513.02,xpkUxIUmQNLFA,13
5,Pudding,zBJYoRIvPIUgBAqyRTHVWZQQwrglKLSFerCjaO,3714.58,bhAATCyYDqy,2
22,Chaudin,DpUJSbgmIYkgZlnNrhBphPbXLCaAq cJ,5026.4,DHpOQxMjQSVk,22
23,Pecan pralines,XlXPHDkhldRPggSwHZbagMzcDmYoBgO cFwbrCN,7512.76,QuCSyoZCFngal,11
48,Jelly bean,xniMTTTfoqrOpFMpaVsFDVbMBPJgbIGjHzMJIe,3898.92,cShWaGbAQy,3
82,Charleston red rice,Qka bs ALbIxwEUxHOWR,9399.31,CBFHWpzoGEVR,3
71,Hawaiian haystack,wzEQxXiHNzBduVaVEnRSfHqhLEg,6718.23,YoTlxSzkU pYcT,23
63, Meat Pie,uvvRTKxflvOVCMVhHfTXWVJUScz,4215.83,"bnHpZLRSvnH ",30
58,Maraca pie,gZgCbCiXQJyf  HBDUqbBhF,7148.46,"  VIhZkRT b",27
40,Chocolate chip cookie,nbSSCKqldvmDtfBkkt jHxWkq,5273.11,nINpOcWFbDRiDL,10
70,Bean pie,iGrkoOjFhiBj hbWuohfDhMftJNOuUMwv,4261.46,uReDPnnszEZic,10
74,Pumpkin pie,MSHJJRIPvvQysdtgQ hLCyWhk gohJV,4506.71,zTWnbkQZYIUH,9
58,Chiffon pie,jlocpnbaxZPbMbOqWUNjWhLpzwTPwEE morMYR,6104.83,SeGRTjcpmQ,30
42,Cupcone,vkbFStAIVnox PWJEFeiFyOuQ,2523.85,BFIhGogCWhEEahQ,10
61,Huckleberry pie,AAOXBXfKejKoTmvVJCKsfJFYcnHvruahMtNyNa,3570.23,dhTlPSJAadIoV,17
8,Coconut cake,hANgolxOUGxpsWHQCktKr,6208.92,tWjo obalGXkPO,1
36,Bumbleberry pie,juZHivdNVuzJnvcnuLJVkTsOrOKecSsVtZt,3105.74,OhYacVEeyDhiV,13
89,Panocha,zDyteodQYkxlbTinmldUvUPgf,1166.93,HBCMhgsYcZ,27
90,Glorified rice,UMUiXcPwvGiSzjxPaLzmXXwRNhW MtSExCWdjz,5569.35,Rkh uPvsRstmwYf,1
49,Banana split,KtAvfUYvJozKbUyMyEAq,3626.05,FLchdUwpcx,11
63,Shaved ice,sHKyIJanQXCPGVeBeDsp,1761.09,UKnGTepbEP,13
36,Italian hot dog,QI hAcTupSHbxOYDtKnXHa,9980.12,pVtBuX yfLIu,3
25,Fruit Pizza,KLIJbiJjFAszyJLpwIyUvxWvI XWydNmA,682.99,TaPCDgJSBIFrW,25
79,Parfait,vySeXGBJDmPVSxRwIbivFITvyE,5609.81,otGBXqmftn,18
3,Derby pie,yMaIeguqzQCWCkimWahDgPAZX,4674.8,FwBZXjIrwbjPb,20
68,Bean pie,wBFgdZFaNdHrQGliht d,2403.38,VqnqBiSLyqKqfr,4
33,Doberge cake,xLlgOwqJXocg woKqNXeUaz,9286.4,cVYEGdhFlL,14
37,Pecan pie,tSMcvgZGpaJg jxpTVmyrlHEuKCk,8755.26,yTcjmxZdLx m,16
32,Hoppin' John,OmgTNukotwNPXabtBRScdrleFBLdDDPNMm,6047.77,UUNXhzVemjHHgyB,1
89,Moon Pie,nBfGuOoYEAvCAsmo vSUNrHwnCH,1464.98,kamJnKoLJouNG,12
14,Jelly bean,ZZsTTCGZKRvPVuvLCJNpVRc GxZEzfw,8224.48,bFDoVN Bnflanc,4
64,Panocha,BbYtAiJjWTMLoZRZlqkALozfTztyWxapVYgfgMm,4972.34,TmKjmujMU eSq,20
58,Cube toast 2,QvFqiqFjfDyrva AlIFJiowKkGI,8045.14,oTNQhxzGgi SqcC,30
2,Goetta,Bzvwr CQbPLfiYpvcCQsG,3957.16,tPQTquDMvsO HV,14
83,Grunt,qukpkVWLbjxzITDOIuMzRP t,801.41,eRgOsiAfKD,15
76,Yeung Chow fried riceBologna sausage,CdXaXVvZW bQdZWYcbYvsVUNrRBKpycIdZVh,655.89,esyISfVcommAqL,28
36,Yeung Chow fried riceBologna sausage,mEvWwZORVmwQuVY GhWZgMRmuKvniOD,5713.81,PYOrsHtwpp,4
12,Chaudin,wr QlklyIrbGIdqquOsxzKX OGYMeAiL,4082.91,KsWwMhTMslu,9
16,Pecan pie,acdrXuosNZfIunMUhcCzK,7800.12,E qUl mWyn,4
14,Cube toast 2,uITTiTUSTZhVWgjfEsvqMuZGsu,2616.92,VIJyzACRHjcz,10
39,Fried dough,KgCDyf IkSJldPMPm nLXlOngbs,2425.36,djomiMUZyi,1
63,Cobbler,EzAHMBtPMQnzcaJqbkZOqMoofkNV,4388.91,NPCVAzHBwMFy,26
48,Chocolate-covered potato chips,ULuCPYuOlKQbpMZLunEVSVGAfRXNeMwFJPJHwbkd,8818.19,eXqsaDxTPUskc,2
35,Gumbo,kFavgMwCClIZHGBqKLvZQcGAIY,6644.94,wdpUvPyBslQm,23
79,Hot milk cake,ktPCXMM aROJzYCVwtBiIYXeGWfWdqBnJGUlMES,6812.08,UJbgXwLFpl,11
11,Souffle,TBrTbzzDSLwZWNiTEhjjVMOWZsPdZhK,1689.46,jEAUOYWDKXFWgf,12
4,Lebanon bologna,GHLIxfDcKLWlFyKzcAvuxijcIdPXnhCoM,3017.28,HtXimUXAMs,10
21,Pastry hearts,HwqkmusajgxTGLQrFnRf,9065.21,xhfTArbsxlK,3
22,Corn cookie,MzHncKKZREQYIlGvFegevBPNFOfkz,9903.59,oyQaQKgCYa,8
35,Meyer lemon cake,zzHtfFccCqYjVMvcNnUfupfJxk,6156.07,pAPybRlcitL,5
22,Pecan pie,zRRoXPJArfZyxOILasDZDhwtIWdqkfq,6006.65," zCJvBuqVAB",11
72,Hostess CupCake,bKLoTBacNsAbxHXYsqbrfQoP,5799,LeXNBGFTsNwWC,1
28,Yeung Chow fried riceBologna sausage,Re  CFgfpCglpPqKUuVaSTqJV,517.34,dfbKDuTQLAxKCr,24
64,Dirty rice,spVCezOZowSpvTFfeEtkzCQzFUeTst OsMyDZFVW,8205.46,FSZIdDlvSxy,1
45,Meyer lemon cake,GIYrnEGQSXenfkDeYZMWWzghZJCOYQqrnqXXIkyn,3522.29,gTpPhDTiNcNIKtE,17
7,Checkerboard cake,EAasANu mhGZZWuZrPzDRSXJHQL,3367.82,hfapSrNGWtOuH,9
90,Panocha,PzuXIlHtjGifQdlVEpEwI,8427.59,XWSjFRePuuDtg,3
31,Blackberry pie,WXEjkNizVtvqyGMDtikCjyRBv,5692.15,bOzEwQdaRw,1
45,Pecan pie,v OvHwhPtFCpxSPrOXcqiObIzGrC H,8645.58,AEtSkgzURRQAkHp,16
28,Hot milk cake,VtAWMHct eMvdzAETpldGZP,1819.43,TQcDHeWREgsad,29
71,Moon Pie,YTDSZiRPxRaDGgGzlglxsnhvco,9470.44,"SQaoXtljsWDG ",10
27,Chocolate chip cookie,"lFTvygxRCAZHBEdFvDBkOmLbdw ",6998.91,NRFlK tPBWCM,27
21,Lemon squares,KvLAROeLHsejwSuZbrdVdAQS,8540.21,A NS iQlZzfZ,2
32,Moon Pie,LaCCePNROIeEUFarGRtgjiAG,5724.11,bRYhHrszzw,19
25,Hostess (snack cakes)," JomyJydHUcbjsAfxNPQxzakrmSyqUjvlS",2070.15,lNCBOLdO fnJ,20
1,Snack cake,ckXXiFQPQMJauwNwhQzpoD BRHXJtnyIbuMWsz,5842.62,VhAugQWbLCHdQRh,10
65,Polish Boy,HOzinvisfcEJjMillwwSSM,7432.64,gzZjwSfzmR d,9
40,Gumbo,goqTnUfsjmLxdMKmtAhXVMtqPAGMyhS,5651.76,vUwjJjjSiyNNgZ,28
63,German chocolate cake,mwiTRPTcGKiJhEMpQFWRDpdGXujAkJuzTGdXJ,528.71,vEOeGibjbc,4
38,Caramel,t W IoWROyWmuXDtykJg,9106.98,EzKgHLQyXrgvN,21
13,Pop-TartsCalas,DCD yWZAsEWRJLxKfUrImblyPUcUDghrZz FG,5099.92,TelaoVtbQlMyraQ,15
53,Chocolate-covered bacon,aZzWJPtJiSthrLdYAYfeIILSgHkVLsjQbcG,8915.6,ccrXBXXrjV,21
63,Pumpkin pie,IPIUapAyczxIXYoAPXwpuudFloXOEtQiyvw,6772.15,PwCBAevjXoL,17
31,Peppermint stick,XJZcgfWWugPlaQs mJftRmLCNkWMPDRu,5256.84,hAcbOggeFmSYb,28
33,Jelly cream pie,rRXYCuzQuHOJPktmjrLC,9512.4,RtKLKlnUrDO,28
15,Snickers salad,DHFpwJAeBQmyoZrozSpLNqdKDTdGWvobSGxKfV,533.38,yFUaslCjVhAZiV,11
51,Cupcake,PiAZlPeU zztSGhOYHvxQzjWfZXcWjVN,9547.47,FdhHXiwgnQLosSn,20
43,Bean pie,QaSKWGKNZeeYHEOyOCnSbEubVTkakAnbAPxMJbhO,6164.59,gHMtugtylMP,6
68,Maraca pie,GFDAekEofxzDqlRAmHSR,2094.58,ltneLybdQBrRAJ,21
57,Grape pie,hWGJXILEfFWQSchNDloLsxPaSZuMqRQiYp,8218.11,YZokAoLAXvwUjf,14
72,Brown Betty,ryLXkIYKeuiYIlhBKUjKqP,9542.55,cBEhDORDjWZHhP,17
63,Hoppin' John,VjEMsuiBWsDVvqQVHVlWiffiiHeRgnylgdwd,3944.78,KVdPZJgNhdojO,18
64,Pistachio pudding,dJLxzIzZNoXPQfaVbKYmeRdcdmeWnFoyceHIG,7248.51,YPwrI PIeWx,12
34,Jell-O,GzfmP VZmG sqnBxWTgXkIqYlZpdCVApaC,4133.82,lKutgrkVkoEf,7
7,Breakfast sausage,zUbKPVPYJOVVrgdMAydngSJkMWZxXntyiVJd KZp,7776.89,BZLrqSm h FZwn,3
8,Molten chocolate cake,FBkvejVAHINTlsOvcNNkehxHcoCgsBC,4912.8,f zpcbXeuclLK,27
46,Hawaiian haystack,RdBKtjNhNnAeggmXmevMGjLDQQEzweRJpEayTr,902.28,GfQgeppHBQbhy,4
65,Bumbleberry pie,GRuaiJFn  h AMcIgRAhRfYoplWbUUmwA,4620.18,dGZ mnBdWN,14
44,Derby pie,ZKhKf PqCrfdrXuwGwKzHLvFBQ,9085.77,gsCPjrSkgXa,15
49,Cherry pie,bvVKyggQtcfsYMVgwVRUFBzwNGTQpiyU,9343.59,iQwcQJPfoQ,6
19,Cheese,kuGSLqdtJGpQuRPcyGhYAiMNvufUgzkXoaw,7809.18,aBNQvFb WQH,27
83,Grasshopper pie,jfrEwOOLkFAtIMnjnRLJJmTAyNhWjvCFjN,3056.42,guiIrgsWtQ UeW,3
47,Pumpkin pie,qNbofDuSqBOqEPHyAyL pLzrKvSlAHzPrMbQgO,8658.84,n PSatsNSUQ,6
46,Moravian spice cookies,xYuzIXyxKnUTNbmWACIkrqjrmBaAYWkjB,8022.38,vPGbjpUsc S,29
28,Hawaiian haystack,gkyDxqnbRDLMEeQheNkaWcG,1976.27,kxdTdoiSCh,6
52,Half-smoke,POEUNuGBPyEVAzQznrGusxsgVQHFJa,3315.78,odrXaGOxDnnlJ,3
17,Pudding,LhSMXKE OvffYJOiiyLmutyH yFcBuQMujckjFwz,3221.91,gKJmlejmyGRyIIW,6
39,Rhubarb pie,WtuzmrtQeYQDkxYphNL bZOltBkTNIBCu,5839.07,YLvpDqMuwebwb,22
58,Apple crisp,hvhRmaoPGWiHPzgRnksHuPVFzVqPuVkuB,9128.62,yjzTHoQTecMfMTh,15
67,Apple crisp,arPotdejoOQVMhFGdYnJPQHHiwhhh,1658.36,lKjQlBl  TYfkX,6
44,Bob Andy pie,plswUh fbXQiABILDPfArf,9658.4,grXMnCKNlnWU,0
23,Bean pie,gjEFpISZDZGmqiZQ XquOjLWaJtFyc,6150.63,sTUhjUwqYqevUp,4
82,Black and white cookies,AOAMVZYAluUgeoflDsxlVoVEzHhUQGwRBtRakNMg,9027.57,MjqnqBogyM,3
38,Mississippi mud pie,QyKHhpK TxxGnXAgNzbJJy,3446.89,evNnOWjWTZ,5
54,Hasty pudding,QdlmBXNrJcMpHPnFXnj RwQRSsgbhdtEnny,6181.81,AoVtXLgbsmGarr,25
24,Mississippi mud pie,WzJrNnlkCieeFxRRuifiFsvzDmUTuhKECo,2838.94,aevrstMsgU,23
50,Moravian spice cookies,ubwqoCGcgRpTgEiOhwmRbmlyJiHc,2325.6,kaapJFKwGyZhpE,18
11,Souffle,WeMjyoexQHykjJin v zYMECveS,7219.49,NCnjQGqCDcQoK,8
6,Hawaiian haystack,YCcnGEYQovzldWrfPYhvdUeVFzy,4639.04,xRDQTtfRnUzeK,10
34,Dessert bar,pLcKmgzRnZJOydufTEBdGYWSEkwQWVRUAQsuv,5472.67,pXQiVHrVDDU,19
9,Caramel," brmtylDSfJgPTcuwGXoCNbFgSnvg",7376.31,XlvYDZVjfEv,27
16,Grasshopper pie,zYyTaiiRDYYkHsIMbIYlhVonoDHh,6179.01,azHczQMvhfzkDh,6
11,Icebox cake,oVhkaMOPWQdwyfF ViyXhkFnNbfiOD,8794.74,SCGXcQcYkXooSqM,13
23,Fried Coke," MYGkLEOdTFIjVPbaYxpd",9960.33,HHl xhJDJJx,29
13,Cinnamon rolls,DRbG YqDyOnYzWovttGE,9058.98,VpQrZiJoLX,7
63, Meat Pie,xvZPMtzHxKJ xeoXgmOFM,1574.83,TEQRpNJIkZBaB,27
76,Hummingbird cake,UgyluMtgsOJISzwYBOVhvOFOnGvZ,5081.96,"hasfyLqSrvY ",4
69,Marshmallow creme,dVEIXsNcXzbbhJOhoUKqdVbKlGEhXwkxzTJq,5446.44,lXvJZFfAvES,21
23,Sweet potato pie,erqZ kenWpSi SMYqIRSLGRTE,1859.35,rxPfVJrQMOxmvoQ,11
90,Smith Island cake,VQzFRAaTWQLTuDgzPLYBiOSywZOSvwmUhUMsh,1104.48,YyXBOro NTwV,27
49,Rhubarb pie,TmVRUNOlDIbZusXgVdalS qpnZCnTbWyZ,7502.85,xSKjYWxlOva,30
23,Sweet potato pie,utvkhBgOKChEISPmmFOCjcCrtHjH,1755.86,XknsjECJJZQ,8
42,Jell-O,GwyzjSZzeCdrIF BbfBYoCWuQnYMFaNlhpQW,4499.38,HvlegQjOPCbef,23
21,Blackberry pie,FeHGnonJuguzRQTzuBcgSvuagIjLIHGcDIWh IQY,4300.12,LOgcXPTEGkn,9
68,Joe Froggers,NlkDCCZPsbkYiHCzsML eWCrxRQJAWJvFLh BSwZ,5135.97,VWOOJcaKmEF,13
31,Ice cream cake,M UAakqyYvaaidkzKlPNIgaF,8655.5,tynwQLHAwQQRcst,18
45,Shrimp Creole,tGMiayYAbJtKvTVnDgU LHVEmHMvZUzrIhZTB,6337.6,mczuktHbeZOCB,17
30,Shrimp Creole,HGtZIMPpUwVNXZyIutGPoPAYzuYBxfkR,5252.94,wRrKEdGaVr,28
33,Candy,vyOIfAShniKLxtSraPtHwrlaehwUvOXmqLA jVTj,7535.47,pa GWl K BpUE,9
9,Pistachio pudding,ayvzXgLdowInaXvfZkmGdEglkUrBOIo,3606.03,PPNdFVe yLbHK,8
78,Cookie salad,FwIYoVxKanuLHsaeMfTQvmVYDfq,7219.65,acgQDwOKAdLll,21
28,Cream pie,FHkySKjuwhdEIdKrcONeloVQbdDqpHqI,6930.38,X egpomOstwArFo,26
3,Cinnamon rolls,vRPIcgGFPZPYyiVSMWDgZlHXBmGRC,7981.86,FwSuW PcOjf,23
23,Strawberry rhubarb pie,IUlGFtLFRLWrjjDwVNQmZOagx ENrhK,9487.22,lPWvGCXfXVrLCf,25
11,Cube toast 2,lubxESWJdtRvTxkeDqDd,9500.28,wlbPkG XZGzBu,30
58,Checkerboard cake,nQjhaV nDKpQMxTPFEyVhvhNrkipQXaqrSN,2289.74,ybQobLHgNTFswyK,9
7,Boston cream pie,GddlMVgwNEqXzJbgYETuKGL,3162.12,ORwrnarEsIjWBMM,20
74,Blackberry pie,OFbnVrAbAzaEMdsCafKsJWAMf,2428.35,gGzpICvGdEbLo,20
1,Dessert bar,A kohPZjLArywPFvWOBGTPwCd,6633.03,unGP SVguzCQMH,1
67,Candy,YEdQxhYAYxcodHSCDOFuvfVaIKHJwQVleNasoesf,810.97,c yNogflMOe,30
16,Cupcake,NZACTgGSlbHwtwpAFuNZlqADgFNcjp,6005.96,YlRQrzriJKqUYK,27
66,Pudding,IMdaQfHhdyNtcHKoxNemONSGUMMLnUrbxDgDGT,8954.63,peHyEqKyBRFlTq,4
76,Goetta,uvCrQkLQJrvOJGuBTNYFJpVVaoZZrhvTRw,9220.97,qZPiHxLySb,16
43,Panocha,ycUVOjZuTtGsTUQXrkUbzWZJakkBjmeHfwP,669.31,qlKuqeksmd vSsq,23
79,Fried pie,njNzMyRVOQUpmjTykKdfmgf IGi,7939.44,FwpgEfdeMfE,15
86,Cherry pie,bZHU SiGP zvccngLPyZSZPech,8228.34,vpLbbeG sEBxB,15
60,Bundt cake,sLpvXfWADMQXEtbNEwvAdnnllimTTpOWh,6404.29,VRCrkFdhEgQQpS,12
41,Brown Betty,TsoVOwNgUHzuVMtjYVmRg,1686.92,pjmeqQHVAUQjefC,9
3,Snickers salad,lvuivaNBynFPIrdWjtJGa,1073.06," gWeekgkyGcFj",29
12,Shaker Lemon Pie,N MRKtIOkOPkYDYLZbjdZfJXm,7227.53,iYmEngQYnh,8
52,Polish Boy,TtDOIxHmYwQEDPdzloRENq,5207.37,QnmWOvrtEfhMqg,14
30,Panocha,BidYPnTxqtTHORxYbWVLTUvcfmsFFw,8190.93,KPXWXUTwE GjZq,2
23,Jelly bean,viNwPraLttvNHwqKEvOPQ FwchBliTIPgpzEG,8235.43,CJqCBaGGRX,0
80,Checkerboard cake,LPHiKrpmESzDZtUVsomFUIfroSyz,7579.94,sVRnBWEdZXHthhM,22
58,Jellyroll,HNacWWVPKjvlQEsoHMIOSYZRCphQbFS,1517.5," vRXqMIaRaknn",1
44,Pecan pie,ehuEkczVJiUuCgiFgZesTRF,8946.94,nZYvJBlcbEuNqyL,15
4,Gumbo,QrqlYoagtzmUuKrDCPfmkxWSYWveWgIhCk AUKNh,5078.28,lqADRoxWlGsL,7
53,Cream pie,SvDnkuRBGbcqkQYzFazDhFQ,2859.17,cseVIlzqhbFIq,19
29,Chaudin," pscdvxHmCKZwgNvABAV",8665.92,uXCvWDdSKVR,23
27,Apple crisp,yBl kqmBlvUaGHsOlhbohfJRYQKoxNz,2407.8,VcxFjdalCZlZUrx,17
3,Jell-O,LRbhLZBZz kUuNdIfmOnMIvXw QL,4540.06,eLqfrXTQPvBVZb,7
11,Cream pie,kUlINxjIFkXImHkcVHHnrhmSKwCiINIwdTRZwIY,528.45,GJGZtRefBsnnZi,7
56,Sopaipilla,stvlXjvfpEbLcqBixKOQn,6886.94,XrrEbLyqFX,24
32,Pumpkin pie,hjJdbFJtMzxsfu jLsxJRS,3586.02,rVgkaGQApP,3
20,Chocolate-covered potato chips,dUcqKzgAMVyQFyzcsAyyMiUoHxcXfewbpbvjZ Kf,7720.61,ngdZKDqUpFEEqC,10
25,Hoppin' John,WWYtT FoRVOMHkBAtRwgKyjgMMZxrRcEG xbeGEQ,6731.91,xPToPtdxNRmhlOW,21
23,Blondie,xwJlp OXiivkBsm hAueeO HGcbeGgCPYJJtkkGe,8899.29,ZyCEYdhOMmV,16
90,Bumbleberry pie,wWkzyzwPRMeEatnsqFyKQotHCTXK,6308.96,ZZvzBmRDpedr,18
39,Fried ice cream,oRfvaefaIeqbStypYbIJZAjdMkectcxsDqjr,4779.7,eknKYzBBWW,22
64,Jelly cream pie,NAyEiVMeWgWrKHJOekDI,2517.87,CoL ysxhsrW,30
45,Yeung Chow fried riceBologna sausage,IqQD jGnolvhpimJwSarkBSpnO,2296.36,EoOiepUZikAgh,25
9,Checkerboard cake,XMDanBXzcIkkObjDfBpYZFutEEdmfyKlNEOxXqVO,8878.92,EZFacSBdUihUWyv,16
25,Huckleberry pie," kOKDRG AIkfxVrZocLKwUpmNvP RmsNoygYuwGf",1615.12,lbrKdGxhsLGL,3
87,Polish Boy,AOiUYVNVKLZwYOhWiHtaPJJwc,853.02,SjAtNmkXP KrTO,21
31,Key lime pie,GfYgzKRQiejAdYsVgHAyMrtt,9026.33,J zmVPFSFAfk,27
59,Coconut cake,xChbaypWbSUWqWAPCaAzNXhGLBPhDVPxDHL,7019.04,TUOoXGfMuG,2
26,Lemon meringue pie,USTvxgfKKzgVwNLryyKHSqsD,5019.8,OyhZvNVuUicZFgJ,8
47,Apple crisp,nVeteQIPEvcyEWVXIBTciHjHyPSw,7170.4,cFEBXvBaqGG,1
7,Jell-O,QrpRKNfmNoGueAvP VzWWBRPSNjlnomnLfDDGPJ,4581.1,cGNiNnhML kCpC,13
84,Italian hot dog,hHbobLYgZRNxgwGVRkMnXzOVqXpdUxvZiTlAsN,3617.32,CFThSmehMZYuHk,2
58,Cinnamon rolls,MZRndJ  IfbvTfOpOAaSPLCi,6952.44,pZWjMypwwHC p,26
80,Banana pudding,zgZFkerwxsADQndvsoLsT,4385.26,UitNzoxTMKdGguX,29
10,Chicken bog,hheJBVtSojcRAqBygZxRGH TbqbDlKurdEa,2582.03,JnEotNSZRtAtB,21
20,Devil's food cake,CKPYqrKCxVYytBDlsLSTpnMGKei,1146.47,bxwjQUVcAaYCen,16
64,Jelly bean,JiGdTKQJQkOooGmtIoksNIzodLpHk,4006.04,UuWViHUPZKoeTDw,30
48,Stack cake,jGvNRvriqWNWhEg ikyQpuDxCtrWVTL,8500.41,aFWHwaEhholbz,6
45,Funnel cake,RpswfDxEPpPqGpSzKrlsArotqIjlqZxoINa,4415.41,ZuuhThsFMVH,16
74,Gingerbread,ODjNMwNp nMortfRGEccgF,8706.27,K rXgxtoOZ,6
39,Smith Island cake,RXGWAaciHHNlrTSoWwxYqCvVEZ,8047.56,DgiZSNVmQykbNfl,9
54,Icebox cake,zqVcxyleefRENHqjwfrWvNN,5509.87,"QEJhLKGbR ",11
53,Derby pie,JmwAPBEsXxklyfyABikMivNWxDsdRnDWdWvUL,6108.02,JZT qcsfgJFCP,6
2,Brownie,GjwVKhqtkbdUk MQjNOLleUIiCdk,5652.83,uZNBzVYnmxMo,4
8,Golden Opulence Sundae,GU BDdktUBQjpmRZTbFI,7720.54,ybznpuvtVD,28
65, Meat Pie,HKKJooDIvds vmT DWqiJ,4740.21,zXptOGGOFXZnPe,10
44,Fried Coke,eIddYjroqssjlTBAnjmvOYPtgonFinsLzynRByfR,4447.98,S QevAGlZTSA,20
74,S'more,PLRQzSDRjuJzLIoFKtDXw,3912.46,zzwrriibuIhGAh,3
90,Grasshopper pie,wejcIXuMqLbUgsgFX QDQvKbDuVmPF gFZBRqGfE,9429.79,mNK htYYmITnMo,5
43,Doberge cake," IFNavVIHeqUEPhMpSNysHrnvLsL",8443.54,dYTCobixipVrZY,20
25,Joe Froggers,SeiyimBzoSggSkNBxvsHICy,5918.31,CtaWnVbLTjPAmae,29
79,Chocolate-covered strawberries,lPKsktvVpmPDzAhRAVCOOGPOFSzsl vlfLkilg,7509.05,u YjCCYcCm,13
16,Polish Boy,beTTSzOdCSlMnBTYRhyXwZSpgiZlFhWyS,6191.67,dTtANIlMZKRfiKA,5
15,Brown Betty,xfGZhNs EMPjNOZlegQopHgHybcXgq,3436.11,aNTreIZous,25
75,Banana split,DQTmFWWrjTOKMshEqPkYAxtzUVQCIFtyNkKaaW,9400.06,FzrqOoxYZsqs,4
41,Maraca pie,yGktJAKdcXVAGhxdvpLWiaYAwhV Mu,3429.77,pnnUwBpOvdeqAd,29
16,Snack cake,bjkUvTCPPSQDgRAiVTOhxrJjghCqQZO,9930.28,HUBQFtRbyVUsx,23
24,Dirt cake,wGOcXoXDGWzCxPSioxuil NpXmtlnFuaEbmc,640.69,SnoQnLVkCyYwJbu,3
49,Molten chocolate cake,XpsLJYuTsAzJefIxZSfAfonOBQd,8388.31,HdGwNQxLoZ,24
31,Marshmallow creme,jojfelspyreBIjJohneSJN,3223.88,mXlnBNJjutIEM,10
48,Chocolate chip cookie,"WOuZSDFOSRuCkzNxZcyIhflaibLpYyQ Jls ZYG ",5131.86,vjFDbMELWOiuazy,4
63,Chocolate-covered strawberries,ciTEAzMtvslVLlQOgpcpvqxskYnxdCAX VVMsg,4424.11,ZvSKUuTeXqx,27
77,Jefferson Davis pie,LrOaRxEndqVbPQJORHwEbKcRCtfS,5336.98,EvLMAbvINjehx,16
84,Marshmallow creme,vascUpPqgfwLkyBYIQwdLjDdjmQ,9595.91,RiU hHBxYADsRuT,18
17,Bumbleberry pie," UQWLwUffetsamBQfPUs",6991.22,mqzKXHStBlowS,18
23,Stack cake,ncIWUubpjiTsPUJPpqKkmOBdQFNyqENsmQtcCr,1968.69,bmoMLXwdCX,23
77,Jambalaya,xZPgXUjNEZJaFBzLgPnIdJsyjANKKyEM,7335.43,PtEYxIwIgfwEJL,28
7,Souffle,rQfJRBOqKYQyRyvhCkIhJHdNzcmXgJTS,589.39,RwPbeMViou,6
1,Banana pudding,PvcpvPqJnnGaUTKufWMIJsNkMEJIpQc,7783.38,peFoQfiwcbSw,11
3,Buttermilk pie,QjUcSYsxVITMMbtPcbzNOqjnjdoEFnKwUxgQ,7535.6,axWnygRPHl,9
81,Ice cream cone,dkQPueabIuApexPqCmgysvhEWtmrqZAsAPaXRe,7821.87,jpaLAXcryj,3
48,Grape pie,qgKRvXEZNhvc BAjVzRuyjtkeoDh,8470.87,PDTByHFZHiyskY,1
20,Fried Coke,CgeZMccgbQtKVMrOZfOfUMFIHWDrRvgBQI,7975.99,QLmEuX lCiIKpQW,16
22,Chess pie,qOLdoTiZUJvSRlLEtCgXllIWydoZQjEQIsNZ,3194.84,iswwQxKYFeyRQ,0
46,Moon Pie,rLWWUPNwFmoYXkjcPdTZoKA XrBGpv,8258.65,HeiIrYiXVsIyr,24
45,Jellyroll,PXPpVYTDUpRdSyIIbk TGVGcJuuIpEJAlLDZ,2255.51,bpCOYFNmsL,7
46,Sopaipilla,ymiNAuktrAzytrV DFtsGSImauMUI,5259.39,WOeUCXmmnlzr,23
48,Souffle,"QZwJzWFeqldRzGJxgLjE JHeVTTqISqdVp ",6773.92,DAqiDnvVAQKOFOv,30
48,Lemon meringue pie,iOfLtdfOhsEwzjjVZJVDzVaEpQpInGGLrCji,6685.4,TfEabkdMLSUJ,0
12,Doughnut,wMVhHSOWAzeJ cexWagiVgdW,3348.53,qLlFTsPuiyHpi,6
65,Bean pie,gHHwEHQQLqiCnrQtfYtoYbUa,4839.91,hv XRUPaPWXaig,11
3,Apple crisp,IjQjFbGAYVkfTt EkFoKfjekLIglUIyUiWNtK,7358.88,UGvJfIHiCBsn,1
26,Pudding,QwQjcmtzXVcTEXHGKwuEyiojkWnnnORwlFn,6732.01,rIHnbqglGJh,20
52,Jelly bean,lmivPIsAWhMzunzUmUTqHxMOoLXrDEpZqKU,6663.13,xkOssfkuxyB,6
23,Scotcheroos,BKfamiRzjSUvCQvffxGikUnGom QdLBDBP,4871.42,opQMKIgevGibgci,7
35,Fried ice cream,"QRQEFQyhuOrBmmDXRcce ",4898.8,I pvr raOHUQxsP,24
36,Brown Betty,JOLhrYlsCpJhUSLiJMtBEZxSqMKrNwFZwVEsyAd,3365.43,PPKbRimIZMb,12
7,Funnel cake,CpsswEbdCj OkleHlCrNAXFU,5475.65,oXmHWiellHUs,21
60,Huckleberry pie,bqxVIObeCwQkaAXPWAFDTOE,8689.03,bPdQParSRphZ,18
5,Shaved ice,GmXYzxaJEnrHPoyUawZJPcwbvsEnOACnST,7494.35,tAuYLCshFq SMl,11
48,Lady Baltimore cake,RTjAKXIIcWsNIyNZXdIFzYHKcZrQDWOQZ,3975.24," dBmWKuhoA d",24
61,Bundt cake,liBmlxlIMzMKUATtaDgE aZvfTDYcpIiX,6862.73,WzIujFDZaCXN,13
82,Bean pie,tpLexDTFVwvzVuyOTIMmshbWHNSCYludL,3194.9,VJvbHkUGyf,22
23,Pecan pie,TkPaSRMUv jGjVMnsYHYWNUzhdkRr,7736.44,ijjRyukpiKzApJ,8
25,Yeung Chow fried riceBologna sausage,wcUkDUeyDOnHmYrJtdpQgvH,8228.12," rzDHKchoDoIhpC",8
1,Buttermilk pie,PgPQWZtYtgyGJVJTMfWDoQiNkGiH,2751.53,OOMqwMutKme,18
26,Yeung Chow fried riceBologna sausage,gCJZqFyNaaURowh VkZnJesvMrfO,2270.29,ekZtUhxXXqryh,5
50,Stack cake,guaCGQXIJfFdmPXzJrpKHDDATQjin,4270.93,RzxaemUHYxDHpuv,30
69,Snickers salad,JtRhmPYSKnslfgFOMmZL D,2374.02,QzDPXwRsYPpWRz,22
64,Peppermint stick,NTwguQlegACsQpSSQdbdhJYAqDudUibeXqMPap,2818.4,SFLLgoHjEoevzW,19
79,Cobbler,zp VqtHCDyGkjXZzYOQAPEMdqcbDhfZZvSVoof,3055.12,qqPKZgyShkuwrt,13
1,Hermit cookies,XcWMYjAjbzKsYaSdhbmU,2357.08,BbhdQRYsHtvu,3
75,Derby pie,soILkeJqYDcTgyBZFwYrXDBdurzyFqswCeNZ,7273.47,crqSIzCdnUbn,13
88,Pumpkin Pie,ulbRmTzabnjCIVQMLRahVSdemkrZ,2251.82,IdswlApYfOuhj,0
8,Pecan pie,IKumENSeKzDrKjTELCFFbwwCEvbCqx fDJnf,9728.72,ooBMrdnHhWU,6
11,Golden Opulence Sundae,WTjUrLHXZEfaSBJrgQluacMNYuOcNH,8458.63,UijKmxdKLQWnstM,2
27,Chocolate-covered potato chips,uRzdnzlUSoDNMhIlbgGBtcMP,2586.26,nOwtFhtRizpM,7
73,Cinnamon rolls,EtDcGWZVRduZyQChdDpfJzjgyKzrA,3136.27,oFJSaQqluumgFG,26
28,Black and white cookies," WMBbniSEcWGYeBhYPDIt",7162.35,ygPjKqHTKJbO,15
27,Doberge cake,JhtlXJOZyWDQgQdVNIlRnfEEspu,6889.94,ErIIEzQNFxEsiSV,6
8,Lemon meringue pie," DyziehHXGSwxEhMXGlAdFyaakXit",4039.35,tTdcTkCDDDO,0
60,Molten chocolate cake,cFgvSavxgCtiUeAVFwNcDdIBbKYTDzjy,4381.75,KguQTGjOkvI,10
69,Jelly cream pie,OgAarrunuRVLLRhotlbznHZhqr,4645.48,oYxqRMQbGudfcSe,23
44,Apple pie,yOzUfqSAIzVPjkJcplNMMxvEwZHJhYPIKFKCc,7220.05,rnHapsWnYHCXmEE,24
48,Jelly cream pie,BJ JbmV gVvzZJrJhuTBraOQsTCj,590.92,t  AXH pGMpPd,29
84,Hermit cookies,DzitfXGrBFqWnexucblGTEMwRnNWDNMZW,2458.12,YxGzeSUBTOywNB,11
43,Shaker Lemon Pie,zupjHrJrBlGFwstmDNXXCDFtluexHkMjLiAgKeqW,695.87,EROjvYXHft,9
2,Blueberry pie,lNjmFqnTIGSpoGfrUloXzaqcLrJntASgSz,8747.44,JZbmtXkoHtaTok,28
50,Fried dough,zwLpQKNdpMLLpnvakOiHhmISrR,4284.13,rwtxUubgqEh,30
85,Cobbler,jtjUdRwqdXKyjkRvUGdGZAY,3353.73,ljeHCJpuPCjbx,25
39,Chocolate-covered bacon,TwXLLdIMaHXYVMmCckZGIhNaWWWiDlfLLtdUXThE,9386.48,kIkgzl rGCFBW,13
49,Banana pudding,wNKkwhmsvVCuxmckkhsCIaPOPsaPfDsqHqBRb,1282.94,uZVXpACjUet,26
14,Glorified rice,TYdkqwnCmQUpSWBYVMOZQmS f,1042.93,Icot qbhFnr,14
19,Chicken bog,UBfBSYJXGGbieRnbuZpVlXjIzfvEbmGN,2108.83,CzUEiJO JAE,12
27,Breakfast sausage," dTGAwahLmdpKvIyrwQtJjijLlAfBBsLz",8607.33,jCTtfGRKgTin,13
23,Jefferson Davis pie,KipYWGLwyAipwgTRsgXBCyNKGcBAiATlAlwoq,4542.67,ekosmSgYg nOKSC,17
22,Chocolate-covered bacon,VOIZYlzYUxuzqLclCDyXBvzXfSNmCwJaVCoAs,5816.15,ibyzTQXg oa,3
57,Apple pie,vSIeiLIGFOXasqZuCbrtpgMoQrl,3640.04,LQAHYDPaUWPAUh,15
61,Gingerbread,XHDdARUqUUbKMnPnkbZcHzVA gnf,572.41,IPPSRpTvIrVQ,12
75,Buttermilk pie,znHHjudCCKCcZIQeWKpvseaswWScphxKYnh,2776.77,UzOWZUxJllim,28
41,Gingerbread,ZimBxphWhJvGctTwFTPBTzeJcWSyKbjvk,5843.1,pVhcvpzNgzqmUo,29
33,Cherry pie,TnMvgHJYruyekIKMwTLHouuiwjoP,3780.16,tRvVVuAwiX,11
80,Doberge cake,UmDyeDbUzRllygiEojLlCdCx,9116.64,geLNcNUFpSr,3
1,Jelly bean,ZoRGaQnEYgaZsEjyFkYP,9989.23,CfBMCxpmwNXtK,23
57,Chocolate chip cookie,YwaOjwCMQHkfxAdDFgOjiKkCBELqSAKL,1618.75," nlzrCbcwJqqUB",27
19,Lemon squares,bCgKvhIUWvkrsLsYqL KG,5162.32,"PMVtCOjPwEXP ",5
44,Glorified rice,qpJaufGVrCMYOyNFLAvwGx,5525.82,MRhmFZcIuu,17
33,Panocha,XBNwEMaQzbxCvfqJlCrhqIiMcGVkRAOBR,8815.99,VPdFSkyPLVw,5
79,Gooey butter cake,mIlZtZixtWktKgAfZEqG,8942.73,WsxysisXUN,6
46,Golden Opulence Sundae,kBAerOTegGSKNrFgdocH,6840.99,SyPSUxJwqdSjOEx,2
44,Jell-O,KBGZIhlVnnzHRPHhtIBELl,2203.12,C CKiQHPKCnqFn,22
4,Hostess (snack cakes),iaYmbcoBDSYgxeNjtYtkAtbgxxIzXL,3691.95,edhuXOxkXLNXdgq,24
39,Mississippi mud pie,HvbkXcPCAzaGjdKvJQyspptp,7051.42,gUTiUxBpHgiHUZv,4
25,German chocolate cake,mwrOwHeJTRJwWIjzGupOLjYr,4012.45,TmGpJckoBDN,3
24,Brown Betty,GITQLafHWfRLllw eYbl,9998.14,tYBgzduWlG,22
7,Chess pie,TmtnzZXQkkqAaZEdFmFnYjqnpXOWGabvYFhOMam,5832.58,OjwKYQhJRqfVZBp,4
73,Gooey butter cake,hoGdaRwYymGcackOssZDZhIwzKFmeSGRwvqGTr,5234.79,XnsvGaOshtRqyND,0
3,Chocolate chip cookie,rYFOyXzLKEKMaoPsKaogrjsMUgHTKOXbgLN TU,2313.66,VwmVmeoFUJrUCv,28
46,Pistachio pudding,TROyaZtoZmcjofbS xaOyhbxAiDsYA Yei,2779.28,jmixYxChXeje,16
28,Golden Opulence Sundae,CrEXCOeZFuDhSoq iEqLyNj,8698.28,PJwUPQr mkF,6
61,Strawberry shortcake,dOiHKbjlAXOgTBlKIwzMEGC,8892.25,bAoatqbDoly,15
89,Pecan pie,LNprJcyWIWUFkPmfkvvXELNrNXAgOi,8615.21,EgxAbOsCafqoQm,20
26,Grasshopper pie,LxPeOaGzVXUjRLXsDoTi,8029.32,AajuSEzWeDLdHtB,25
32,Goetta,lPEBjjVsySGuiMFOOBfjyLhZltdAkWpj,1970.65,T  BTyASSt,13
85,Rhubarb pie,IRiUlsyX CIFehGvFyWaraaXUWZRihmVFTxxq,594.24,wwpzXmUIlZ FyXR,29
76,Jelly bean,PovjjTKfnmqqpdZsGFRUtKbNRrJbAjxwEGe,8398.46,omBtDDRHpeJJo,20
61,Maraca pie,ODxXaqRHnoasKhWgnOJyVTxMrAaMWDyhm,7863.41,ZSgCTu jKVR,20
34,Chaudin,PfZruVaLQtNI LjXdpQvilkVkakfRzZKdQOSpA,570.59,fEvaeMOyTRxL,28
1,Chiffon pie,FQzyjfbKyMCviCyavBiinSPIOMamZRfk,1641.12,oMmkInTppxzhm,30
36,Gingerbread,AruEtHYRmsAqMrXhdCYgdyoaldx wIIbwVNJa,9269.02,MfomBeRNwJTU,17
1,Jambalaya,bTGxxvvokikCaZcakOWY,3424.69,OzsiKOSSnMrBeZ,2
40,Marshmallow creme,zayMtOiYpZoQIsbzujuiK ZYefFiwQGWJtebvK,741.46,BlOSMTOjMBcKWlS,1
5,Blackberry pie,iFLlXURgMgmJHOEYiSCSScT,3748.55,hUZbVKLjAlDXjSl,5
21,Jelly bean,JTPHWypaV ScCoMfwEfkPXyNU,4446.84,fLOvLvsQnwqeMR,28
53,Shave ice,lapaQttUQCGGSIsreURAfFPABjEnpZzcsofnQuT,7981.93,YafYnGCAWEvXh,17
16,Boston cream pie,sxTPlkpsRpYeYzHPpNRqZyyJUk,3119.51,TCWfoACmyg,23
6,Lebanon bologna,jIronkKZHjYolGvRtTAjrUiRTc,3984.04,tuuMkZMlsNRclTt,13
54,Cream pie,xi dJlyHGzKbaPrPKxeBBpnkwxU,7498.34,UAtRJwifOhBS,1
83,Doughnut,IKpDoEwQirEIHUIlJYDtgUTFetKMtBnpyEgFr,2297.09,eTHIDZwnxnZvfp,21
55,Gumbo," dqSesqlyYqowCwktkdTuegbsLELxKwtUcpwgQj",6617.58,uN hvPvHGYymQc,17
43,Pumpkin Pie,QTBcDfUFHGPINucHEdq lVYHakfhzjYMSoLI,7067.71,EnmJlVAYtiL,0
10,Jell-O,ynldbPQNjsZiFXNBnpqUvaVYaFYWFRlnqwLNb,3779.04,r EDZUtGCEswu,7
78,Parfait,wIpNyHYJolqz mNHOyrIqLrjLJxnsKEuQkwUmzBm,2829.14,pLVtUsHQfEdFE,25
81,Huckleberry pie,fwEdlSEPwHuJwryOMwprEhOreUJ,3386.88,mBhZITu plPYuqi,11
25,S'more,KjFeBUTfBfLWUAHNdMFuFtEw,9553.03,xYVsMyjDYL,4
74,Molten chocolate cake,FtFYe rruowGEoNNSbRUyCHujjcZhhEstnA,2965.13,TpOTEElivMOFf,9
20,Soft serve ice cream,E nTHxGhrAvCrs BNMEN s,3886.49,vhcwtmBxhUVyv,22
6,Cherry pie,usSsoIIZNqpYFO qKJMCrnMODpzGzxRmRNJghhjm,6732.59,fgyLljUt tjCP,12
31,Marshmallow creme,"JiSCLWF LaLyq yjJzBjxanTgUMTBO ",9972.29,aNPccGiwrtmgOgk,24
23,Shoofly pie,BgvjlgxLScweFZlmBPdTKp,5357.01,WxoibcYAQqrFNun,11
12,Hermit cookies,aCQrutACNSybnaJmNzRroN,3171.79,pamBhkkBquBXQ,11
12,Maxwell Street Polish,zPSafrsbUwBrMwcPaxwLs,773.35,GtwaBJZlEZL,25
11,Butterscotch pudding,KRNeQboAwTw PjZpzOcHoDgTjGAcxAv,2553.51,zRThzrQmXw,24
87,Funnel cake,zDZQYpTPgFDxMNeZNqcynnBIEXDtuDoe,2210.27,Lwehhjzgrmd,18
12,Yeung Chow fried riceBologna sausage,ndQswRrgKJkrwoOfWiFhUbIq,7508.86,aErXjUtPKGVpW,10
67,Fried dough,mOyZorredwjWFbiNgtCLFUd,1180.87,niLvUKKyd HzYb,9
28,Brown Betty,cGdKxFknwiwZUXPNldnjTjay,6254.94,cvKd OKJbFsIPCC,25
71,Rice and gravy,ZYzoOZKQuHZqQHDOkWsRfvwuh,8626.44,kwPrPVcTQsmc,12
9,Glorified rice,fNcGkhjCESyHvlSSZgHWOuujBQLMaHWl,2714.08,DpWEsBvvRD,2
16,Hawaiian haystack,cFyqHVLqKjtTgIYInYMhUV,8723.02,AToGJFfTairxfM,3
55,Jelly cream pie,YmYebkYZokQJiVQYzGLc MsT,6731.14,iNXJDcaauR,9
52,Coconut cake,otpBPeGOYdsnsfQjlkfLLIONJEkZM,3198.62,VnRHjkovBjURtQD,19
55,Hawaiian haystack,WkOQlqWJoCMIMGOeZxu ejpvrZENCZDfDlSaGw,1362.87,JGBxGAdichlSLx,4
58,Jelly bean,ZydJFxYPc ZYALhPBGimPPKahWJXKmZnWGKmd,9261.59,IIgrniVLzHnvg,29
90,Glorified rice,qSQxYvFLeRbWrlHDQXZdeWZW dLCMkoHJVAP,2230.67,HrZeIFyzTwVQagc,20
86,Cream pie,CFcapNJVSPwWwihhJGGGHRCLsJjC,6945.82,cJecmHplMeP,15
75,Chocolate-covered potato chips,ryrmjWbk ijKgvlWgyZt,4569.96,RtzXWKCmOSNcesz,2
80,Rice and gravy,NOLDzFadMwTiYJDdHKtAzRr,4413.25,ldZDMenUAx,9
6,Chocolate pudding,fSCOeM ybDeatEGqAocKkhXTjGXGXVJkXouXaNC,1836.99,gwzEwXkVruHk,27
88,Sweet potato pie,aHUDzDOtBiHALJJQDotZTAy,8528.7,TNMEUAUYANsCrb,16
80,Souffle,KNZlhL wrSYRXfQtFHeDbSvSsNhNoEhQNe,9179.91,NDIoXJeRpY,17
16,Smith Island cake,BxpBsBUNcdENjouKWZlAERk AZivsycQyEwY,1966.7," RIkIhnyFmg kl",0
12,Soft serve ice cream,ZXWzxfsskxMXRtMsfZfFkoHfzSbJcDSgvZLHxz,5533.3,ZewDeyXUYWEMboO,21
71,Black bottom pie,vQUke VIrUyzKJwkOyfm,9117.85,UVHtqOHUObMbC,15
21,Hermit cookies,wlNJS LnoJBJqqjzt QsLSAzwMKngsIBpA,3699.68,hlAVINdRYq,3
37,Blueberry pie,dLeFzTLSbOCCRLuFnkGtfufYZquilLRQ,9391.61,bSxwHSqelAnt,21
89,Grunt,EzABFCJRDMgFH iYTYouMSDwPJMhAunM,5797.99,TwOJMhzLPs,28
79,Key lime pie,igFkHnljADwUBfwxghuqziilCz,8407.69,nSmGmTqPfczH,26
29,Fried dough,cIgtdOtlePhvbo FXbZvFJgCQgpXvRzfcE,9119.81,XIpZTocQkMtzxF,20
60,Half-smoke,aDclmQElNeJaSnRAdTLdzpYlhujkefQyxHprFp,5133.48,KWWlGWBioVW,14
53,Souffle,ayBBvcrJpOJHXmbxNkHBqBrXdeMZNsCAabmZOSM,4139.07,wCHEPThl oJtp,7
19,Cherry pie,FbY xkECjRDBipbnSCqvcPQlUtcMomaDYbo,8286.85,iFUEElUOAa,11
78,Hawaiian haystack,qLvcNnCEjILuTYLDDhJPCCgNBNSEeaDvyM,3717.81,ZuchnwYquqMy,18
76,Chicken bog,SVatmdBwHIQXUTqcVUDrzrHmL,4756.31,xlJxVVzddzyZxm,29
38,Molten chocolate cake,HBIJHGTrY INyzIiaZirZI,867.48,YiuRWUVVKdmU,24
85,Persimmon pudding,upah OzpHkLIVXMLgaAucmokxMLLuiAOuVp,3752.69,RpuMnccBxGrADJ,0
27,Snack cake,fheRRqoBTehRcbouxoKuPvYW,1660.46,XBqPegVarEqdDvc,3
48,Cinnamon rolls,LHQicsxtslUhlIlPKUkN,5179.25,XanqEvaqdWm,7
85,Fried dough,zxyYSedlcVPmVwDUuvKmDLLUGRAXB,8285.92,xNgPNdKYXDZxUA,30
10,Black and white cookies,jalLGfEyVsLuVBMADIZuDZkGSwCmVncwOvG,1657.88,DVGOLoEpI nJ,25
13,Strawberry shortcake,Wh AVxMuIKiEkKpkjpkD,8324.15,RbbyFqChqhVTD,22
46,Gingerbread,voPrzOE plNNncUztDPyhyPmHnWPOYyzcEheUIBJ,7844.82,TGsDiMVp MqPN,19
82,Cube toast 2,KRfWmrBpRnPIghHxsfpgryQLwKRiqqIYy,3313.94,NJJYaGKuFAVaAvb,10
66,Rice and gravy,ZnfZQMffOXspHIsGhuPrQWjy,7539.71,wKwvmZDCjSVjc,5
40,Pumpkin pie,REgykWZnqSKKihVTbpsZuEhB,4325.7,WnUOkvHRQCPd,5
34,Peppermint stick,jRvDkOTnBfVPlGGeshcUdYsIRKtDs,1911.77,yxokOxrPnWfPtR,19
68,Hasty pudding,fQUwPisHgNsBLquTQwMbEANswF,3258.06,svLWMkmomaVwC,4
47,Maxwell Street Polish,yNWBgOuUUF RuAL JnLLRsGWQnfSNgwnefhRCX,8367.17,UvJB WyKeaE,20
31,Pop-TartsCalas," gbaUHqGSWufXDdyRlXQxXmmQCGzmlGPK",8195.29,BUccEeKSNd,23
43,Molten chocolate cake,IGMkGwcaqRKNNgYIehvJ BysdEnFc pk,730.41,ODKxtqpkYoFDn,27
65,Shaker Lemon Pie,hevoSUyiVhlSbBtQhulA,3746.37,aCOtLV XlH,14
44,Chess pie,sWyzYUzosmEdtqNJqtvkDktwBEYAcBAxMyB,3338.86,bhsXpyQqVT EfX,30
30,Cream pie,ybrTHAnvooCDocDfGvlJCnGqFvbNGR,4028.6,aIWO SxWfRw,28
15, Meat Pie,miWEvnvFLSstlrKAEsGtvGhFtFiVYTzDLEhA,9072.77,lkOIIDFzND,2
15,Chocolate chip cookie,lXpbZzhWwrRjxpVPHsQtxEtqpBxzZUGaH,3662.33,vgFcTnEESBem,20
75,Lemon meringue pie,oqaAoRzovWKUdhSybVdMFHpd LLWHNdOOAMINY,8455.46,bgNotPRUWC,2
29,Lane cake,LltKwstjJrebXmiDiHrXO hjRNOUnd,4912.47,yUHStZDKblCIt,10
20,Hot dog,GBVzBFpsFgJfku LcDai wFSrygvM,817.78,MGjYBCCBwJ,9
17,Banana split,cnbZZKRHCgAGOKPLjkHdPGiUmMfxMBaQH,3505.74,jTbuPNcprKoks,19
82,Breakfast sausage,LPLzdlZoImNGxhHyRJfe,597.04,ATABJoKWKbSW,7
90,Glorified rice,eWFzDuNLaPDLbhxOVYrobIa,3269.04,mpYQCmHFkocjiHI,30
85,Pecan pie,pRXbvfUsgrmQhcAZRicvXFFaizpHuROYhkuGiY,8499.61,QJrtmTqhHt km,4
18,Lemon meringue pie,zBSczUmrLdYkWnqCXumxCNfatWVH,7364.12,HKCThxalZyWEDEZ,29
36,Blackberry pie,"VJjibBRcwgCPOaSWrAIFDyfLdpwkmusvGHtT ",9501.45,UtKMmHAnlEeSk,18
63,Jefferson Davis pie,WxZpowRFhTLNcBgSUBHUDxaohEaPMy iOFFq,9240.9," upnAPwqQPDF",5
71,Sweet potato pie,fKjBGvazUhNiKKjEPlAefdBbjfe myvEzt,4056.25,XYhLaGPPIpYbb,12
67,Brown Betty,xnTfoJm X hAIaNOnkRde,7334.23,FyqtWG GZrLlp,12
6,Bob Andy pie,EVcgZnXRWotTHRjGuSdgtuGZcIN,7757.93,PfpjrsVcTDTW,3
50,Marshmallow creme,VUvTVpXM TREPglfDPerlTNpXbmjX XHYIg,5848.32,"aTzjtu EJxtc ",21
67,Shaved ice,snvMnmEPTYquBEcoIOiaubjmmvzNFLLkyCh,806.06,lExyrHZnPBYc,5
44,Candy,OKH CrPzMAHRjxIDcsPKTZmeGiMfafXGTL f,8574.69,OdvlBZRagLvCvGx,29
81,Glorified rice,ydypCMfaqWrSDxyLTLxojuGrVk,2207.63,hAlDxfNxXr,29
2,Pop-TartsCalas,bcTibjmWKAvLSXgXHItAmC,694.97,GHqQyGWviuxgv,4
53,Ice cream cone,cHWWKmX mtHRIuLZnqSk,2087.23,axlttDQ iL,28
38,Sundae,cUVPkZmgTLwbqkyaMBFqMwVq,7289.88,JrDhOosSEp,22
15,Chicken bog,zJklZHW VqkTtwVZyVEU,5129.59,DSMFSnbTcMMtT,19
88,Glorified rice,GAJdjZXIxeqntVHhaWTfMv,2389.57,oaAZmUVCDBwXAK,8
35,Hasty pudding,HEirMdFunVTTheFBNMXedsjKyIygkzRyeJNRCw,3922.7,ySGQqhUCDavFS,18
57,Souffle,xbEuiAgjnmrenLlaVtqsRq woxVoak stxgC,2015.11,QTsVHsDdFxaKtUQ,12
7,Butterscotch pudding,MxLWNSwiusfdMQuLqcuPDP,5771.44,ohnnSfvjkuLcv,22
58,Doughnut,OBucVFoOgvUNoipcdSRgW,2641.46,a vdlseTvCTHCtK,15
72,Glorified rice,yvnzbGrRiUZCTjEBBBrAja,8509.98,iEXOKJdAuchMX,27
35,Snack cake,GlQttIkoOJNagkiHdgnMMZKl,521,pytiiruBfnT,23
32,Lane cake,fJwEnkjPknJkRBCCgEhFkFV,5441.63,aLAMrRnFFK,15
63,Chocolate brownie,"IiTnJhWhLsqywLHwhdvzwSMDpSddtwIJXvaK ",745.55,tizVFYkbYnek,16
6,Pecan pie,mojGCTBQdQUiBrsurpLQv,2651.04,yOVTpQmIGM,6
88,Parfait,PHqRTXyyzJNBqUIEkFC HU,1064.11,"hwRCaDJrFDhQ ",20
9,Molten chocolate cake,zqcQUnzvkDMdJyRYRdCz PYDUNuOieTnNWdvzK,5000.96,NyGdDCCdsxC,18
18,Boston cream pie,DrHQQAPDqKHLCWBFqpICnGjbHcrKfxxAlZSIKAmU,1945.6,hVMySQXoFXCo,16
64,Fried Coke,BUTjeZqHihWVAjPmkRSgwSMOG,657.78,BAZyRGmPZnRSU,14
30,Chocolate chip cookie,mjTzWlCTwtJanZsEquppGhHsL,520.09,EwfKULsuxkL,11
23,Doughnut,JtiDBywXoIuJrtpeqluqcqkR,3553.74,wDgtSRDEVaSwn,8
30,Pumpkin pie,gyfPkXwaWuIszaifeLIHWyXinCMAHyRA,6574.74,IzDKJNaRax,23
12,Molten chocolate cake,tZIqiXrsLPtTQhraRQd SDeVzCodm,8914.78,TEdeBRrKXQ,0
77,Banana split,NjYjKtzdwMjsUdOAYxgYQVkHuLJymWtKlE,8818.67,vcsIHREsLBsb,27
85,Boston cream pie,W cdNfKTcFheTbtXNcbZduRHYPD,7289.59,uvynKWUnjVqzYUz,6
83,Spanish rice,KHdnMvrGwpfHVljtHhBAFZ,4514.86,"jFgfoxwhbeL  ",6
66,Chaudin,BnJWsxHLQzXorxMrtHermjlTBzjkDBX,5207.24,RiwWVtTuRGVyrob,8
79,Grasshopper pie,TosUBgLtKexqjMHbeVoDVIELVdIvQjJUXhrhF,7618.84,fuCeZpsVaPthMwc,20
82,Moravian spice cookies,npDSRAztnofgnZneNRlPMnPSd,1989.57,J JMuNnkbZt,24
34,Gumbo,yPRwVdJwiIPWqOoWPiuSjUj bsNI ZFJTEy,8562.16,lfTmwvLqPvjwLno,27
78,Brown Betty,MiNkXbKZktOMCqOeyqVloHyjkPPdfcpzlmhx,3455.11,KDXLoWMxjimyY,4
20,Shaker Lemon Pie,HeZFAzBdUeMwXGehOTFRftmXqmeogSgh,4477.96,LQYetDggKyFbD,8
50,Bumbleberry pie,etnYJkUDfGplFAsTaqwYWYjzVVPVtat iA,8171.1,wPjqCXNxxZVZr,18
24,Soft serve ice cream,uoFVcuMQPGS JhoiqQHgKQgrrXBaBBTOVhRvxH,7700.52,jPTaHukKPSaeTD,17
38,Grape pie,htzGpknDPqKlOmyFVLjiQq,3836.83,VcNRTGbhEDYZq,2
28,Cobbler,VtswsVTughrTRJZKAdQzhoD,1527.08,arolkiLAyHzZb,24
63,Half-smoke,JPbvYeEfSMkYtgXDEZqTYvnSVTS,5207.53,KWCiC UiBvRXEdG,11
39,S'more,mPGbpASHChUbubdHByHJnmQc,1681.27,QcPSoGTfQkEZfS,28
87,Apple crisp,PsdNxuMLtJPifgVUqPMcNEERck PlhYeMg,7952.46,imHOLPRnBqICw,11
56,Buttermilk pie,WbWKiHcTijbmFqUteimUuxDgMzerHzqgismHl,9197.9,uHkZbCdEZTo  L,15
39,Grape pie,PDQL nBaYTfCLEGkOSAmJyeNzdseLIB,4337.31,pWrcwNwrrxj,24
70,Cupcake,tfNpjgULFZSzdzWAsXYEbOfIBGWueBxkcx,2623.81,NYCeCHJfKI,25
45,Chocolate chip cookie,xHeWVgsRHMzNQVLRLnttpgwc,1378.11,buyXbhWOtbKJ,15
53,Dirt cake,tGEiRxTdxnTbbxUrziNRSb,904.8,UykssfPYbprg,22
32,Chocolate-covered bacon,"aWSiwmtXosMpIOWifThmQxkP ",9194.17,vZFjVeQVwvzMFY,19
69,Golden Opulence Sundae,NItwHvOnKRucnsbOkWDGyXzyjkSIUCioVNg,9461.56," nwDbHRyURv",30
45,Mississippi mud pie,OxQOigBkFNPLVaocPgKdnULH jVVfITiNcAH,8468.99,qDbwCsHYviVOCpO,3
39,Apple crisp,oR ZgHHLBixBdItWPBpXcBsESDVIWkJM,5863.24,RyXIFyYzxLissLu,15
14,Funnel cake,zCxdlas PGVbAgciynGJEiSkFlvcjpxYqXw,5968.05,DDxmtbxPDD,5
51,Banana split,zbVgQMaiTuWwmbGBTgMMQ,5001.83,zvCE eqSTnl,24
78,Blackberry pie,hAmzbbFjDtmwkDJNbDQa,2841.42,gsAMoWbumspIOOd,7
30,Icebox cake,MQjEgFlqltyGMZYfaONCRgBhcYZfLwHeRl,6196.32,yDtGvKWGart,8
11,Lady Baltimore cake,NvnjJOEaxOBfeZPEVH iPHqmEYxqb,8358.6,gCcnxAAkzXRHJcL,19
22,Moon Pie,cdhoNFngVJcmfLxYiNoyqx,2235.36,zjFsVuSLez,24
66,Cream pie,AKuoQrrHJ eQOGzApquhmyRXVBNtEzF,3886.43,TOqlxXUDJhqYTO,30
41,Fudge,kthHLABvfYfrrOswuqOPCOmixyqxNbJqT,2609.15,NkccgosjwMZv,10
56,Glorified rice,HIHphgMsRFpVwanbExYyrI,5529.77,MRFFFTOlWmAftb,21
26,Chocolate-covered bacon,uqmwhPkPGPHzLBhlkxWYmWWxMOPTszG,4702.74,POceexvZWDB,8
44,Hot milk cake,qAIRbBraMKphEYTHYtanPSbciMfxMwfjFPzBQ,7001.94,skZundhKqBh,19
5,Strawberry shortcake,HWrqbRpnynyttkSUtUrqNlFNrpXSJ,9936.85,gjLONFAswf Vmp,12
71,Bumbleberry pie,lZQtJLaPMuszDeeOsVEzGAyRbgrHIIXWgzRCUy,9544.99,oKpnQtGrpQnvns,22
62,Black bottom pie,fVWcOFCcSDXxALMGvUWPneRS,697.68,OcWxDmbBbGSiOc,28
71,Italian hot dog,FnyqlFYSrGSNbiasaFwDybbwUlXNpIbQBMLcPh,8660.03,CUvdzGlDbkTbII,13
78,Ice cream cone,TATUuNUCqvitgqzCiDiHNsEIoAhKwtNsLINjG,1507.78,gWfDMJkFxlhf,6
17,Rice and gravy,YZovSxMyZbuXPHreTWZhNQxP,3618.84,bAAvDQmbOfDy,10
50,Devil's food cake,HArFJ vXuvzFhbKPMgiLR pbMXVyO,889.04,MejjhPjSmLJ,8
31,Lane cake,AhzyorjwL odrsHwrlma,2929.48,RdJwiEwaJJVRUBh,14
55,Shaved ice,"  FUrZzAOHCNpQrAPBlO",6028.33,PfMFiSAjYiXhQ,26
22,Maraca pie,anVqzvkXPsVcdYPd gqsxgA,4212.36,DDRX fZtUmxS,29
69,Hostess CupCake,PYcXqPrXBKqnwbfo ubVMRdFKYA,8759.78,VSJmxLMOqK,5
12,Bundt cake,MTYHAXaGvITEJvHJiQvrbhMRDFIModZbRl,9757.86,gYRgmTVTJVQF,2
13,Mississippi mud pie,ONxSHykNEQvjlzaYgNBoyqGaTWgSxGTFgFl,4238.36,FCYQ eQOCjkyys,1
78,Fried ice cream,yLdYDNLAtLRNXYFYhVpVf BDHaMIBSHA,9450.75,RqFUoIOyaZAFr,3
68,Key lime pie,UqdFJwEtfgjZQRHGxGKRweuEHBrgYKTEeSpLzEY,9607.94,r dtTqLgHzb,13
67,Glorified rice,NfTrniwydPctSEoHVgEDAInipxTFxWSbFilamgvC,2898.14,ewWbenehdTrFLr,11
45,Dessert bar,mMphsgrTTnkfjwUHhSAealKGiBEIJZR,1489.02,zFd  S lglyClo,30
5,Cherry pie,maOMnvAbivZLopPxct wutjSHZQzErI,9005.32,DkgOQuozmkWV,20
5,Ice cream cake,VmwNnLfDFKqSuOaNvRTIfwedipRKXMsY,8471.9,kFcJinCOGHL,5
81,German chocolate cake,uUzyjFXTvWZJwcotJJxKzweFpUOwXRZkLJzzpzt,8531.44,PalvldPaxFoc,30
74,Souffle,xURsGxVIkZxzQzeCMpmNeQ,8610.38,BeR ROXDNfwUF,26
13,Cheese,RGpQZgruAGFtuTpflNhbIpChAsdB,1699.58,tCAlEePASGLJpbO,22
23,Chicken bog,qYNp dlQKzmLvVnQhOREVqJRZ,9720.98,XbmJfWPtDSsb,10
52,Cupcake,UEO fQBbExTdpKSwxAWOuZXEsCGMREkjREIRLxsk,1057.05,OAlbrRQUwldQm,6
1,Derby pie,iFeKfCdmegXWOznbzsDgvBvwYjvIkzWBO,6017.25,ZJuTrwINiAW,27
13,Glorified rice,"OUVnGnkIEQfrBwogILsxSlvHncjDXh ",3714.28,g YAifBEErkEoU,12
5,Fried pie,NhToqptJEuRVFIAzLILQiQCrx,942.73,ZMPcifwttN zEit,25
8,Blackberry pie,DxfmfAgCqX  APlmAWXWkGuagyyGb,4637.3,CByRPWhvctJxGh,15
84,Chocolate chip cookie,oWoxVlS RGXgnenZCmHvNyBbRAHfncyGGhn,8452.74,jBoOWbCwSXY,26
11,Spanish rice,ptXTOScPxSrPjfsommEdfzGlfSIUWFrebFiAxJqd,1277.75,wMdWuVelAOsK,4
31,Stack cake,EKCbfJwfUvXZxUKyzZDvwaTUoeVN,7600.54,wXfYZagEnBLCD,1
89,Ice cream cone,WtFGGCxmCGAPpSY NQiosAPyfwstz,8264.9,cUrdbEGpBiU,27
19,Cherry pie,veezweLZyDH DINtoPGLSxdpJzbpxWGIXsaxrkx,4788.29,ihAXmcPBtLxAi,4
7,Strawberry shortcake,FeiKdwsCPXKFxOhbCQenO,2707.52,oSdKXSUfxTFOK,19
9,Panocha,IvpZOnqhJxClvYpJmFSKSsgRxtJZdKJaYrDqPY,8175.01,RQcHAz  FZt,26
69,Sopaipilla,ZaRrEIPNMIrEycAUKUUlrJqzGcxZZFpdpXYkyr,1678.91,gFSLibFwpHY,20
34,Fried dough,Fn lgorgJtSmCZpshnEBXOiUounHTJPNeZg,9708.38,SCIYCYBhiiWIyUs,23
38,Italian hot dog,wkWkXjMQJeqAPvShyjrGHbFleovBB,9535.93,wlaBzBWpZL,13
58,Hot milk cake,FGbqtNEKdthzDKBzPatSUK,9697.95,rAMDcLvYTIN,5
31,Derby pie,prvgmTGeMzLXbMyfWQIO,4022.92,EjbuWDfjOhtuOK,1
12,Pumpkin pie,AIxjobkKWbHojcKCGgXpcNOj,9823.33,ORPfVRWxHjd,22
74,Candy,ZyDYkWazzRnEmMbiIgXbkmvYfalO,9502.27,cKD oCAVPV,13
73,Fudge,yaLTnqFfncYLEiYrZtPQ bsi,9883.52,FKQkvxjNcmjKFT,5
31,Gingerbread,FrfIXHbGGfSeKzXNIfgJJiuvowSMAa,3976.97,LbtHWjZbzjXYFZ,18
79,Hoppin' John,vaPYpLaajvvUmiIcIPsGuyCHhAdxNYw,7695.35,X pudTNWqnf,9
25,Souffle,DzkeGZNPyJHVLkFIqsnqP,7542.33,KKzcZQdbwYeQYmd,4
25,Chicken bog,D XohfPAdOnRyXcNNkKJLL Ii,5112.9,rGGpPiTsGdq,4
71,Buttermilk pie,kiSsSxUXIccuokEIDhRLSqUIutkYojZVkUq,1661.26,CuvXFwQTdl,11
5,Marshmallow creme,jPuJPHVWbveOwALkwIBiFzYJjxT,1774.18,lDQWMilvUb,29
10,Blueberry pie,SnBnvZiGKoNxVfGZOXltSkkBdSM,2262.14,kTymzVfeNkwxf,26
46,Cinnamon rolls,knxEeOPLvvGQOEASaOju,1655.12,SCp Xb beiy,0
9,Fried ice cream,aSNLqcFlMSQpNldfNnVHtblUHvk,6470.91,EDkECFQCXkqWe,5
21,Blueberry pie,mNzHWYhFqgDaqJXcZQDnAAE,6642.27," DSAYVqPkzDuYLp",1
60,Panocha,OuSodYakkaEeLqNkPXHMDWoXs,1564.69,qValWZcxTtDV,10
5,Chocolate pudding,DDVCCCiyaSRKSVvlKrdTxnzpSQfx,3918.23,vrZGptdMoph,20
7,Grasshopper pie,DVFAVlGPvBmUYTugaFeqLKZRXg,9834.48,vqMhIDYlvurMx,28
75,Shrimp Creole,MVQt UDdfKMOqKsygEvKwEO hPtANO,4267.03,BBWILjBVyMWJwcm,8
5,Key lime pie," AdZPAE cMIJkNZziJyU",6923.05,EPFZdYBCtaxAlA,10
61,Shaved ice,NDqX YahYcTTgvafDDUYqRpIroxqPhK,5768.65,mMidlIJYZYlxVbc,13
2,Pudding,iHkiubOmWEOROYetstnIjgvPb,9049.23,ALSzynntcwC,27
28,Banana Foster,ZseLyLMxttfVSPCcycweDDDSzsftKEAQFSFrSRA,2629.24,BHuiVLKJGWj,17
85,Grape pie,TpIAXNfGTwHVZkdcgjxrA VcVlNou,9012.78,iv XVEiTnD,15
45,Shave ice,GEFQIioVehRfdrwMDZSW,4090.44,mDpoGepqqmKlN,22
61,Chiffon pie,Z OXrlMXdfQvyjabVNtAwyvZOqsLdcpqVZZ,9421.7,qfQNlNmzjlcR,6
36,Apple pie,LlCIaiyaValDTYfNQvOwQde txoIMu,2183.95,GkaRQkRsbxZ,14
80,Key lime pie,XnptmOWbOO ZCWSSGXBkApGnwuxVJ,9161.11,FFefokjuLTqv,0
17,Pumpkin pie,kzsebEVZmldsvTapLjaxyeVIQTqHCbtIa,4164.33,VGIEuEeQnp,21
20,Peppermint stick,fyJbbxDfridaWUctZUfLHbOMiHEM,9623.32,nhYBHXdqdoqS,4
44,Rice and gravy," sFkbuJioKtcxWhyoFyFgtwprVUoGfYtobtCKXOp",6003.48,cMBpOC AHhd,2
76,Shave ice," LlAztGPBqXLGzviBCqMfFxqCYZxwubGgO",3433.1,faeBYUuQiq,21
90,Derby pie,zOutOkSrcPuKSjZSWaRRuqkaUBnnG,1482.91,xbLhNLLpjsrkpe,12
14,Hot dog,OBQjCf wOjwfEOpxkweMDKweKCunFXR QCSF,7003.79,W mgLiYXllwdV K,17
68,Apple crisp," CblXbU Ix yjLu ZLgQewASRhwnRnm",8082.18,GcCaLGXavnL,7
1,Snickerdoodles,kixHKpoZ NmiQTnlsGXKGeNELiBfr,1982.22,wqWfxUDcum,0
72,S'more,OjMVfjDovJPAAlhgVKTHl,3515.82,LqlwkJPUOwR,30
31,Yeung Chow fried riceBologna sausage,yjJmfSixDwfrbCAenfErrRrIqGfsxEqVXDSeli,5517.01,CCCRGnKYxJmwGW,11
53,Fruit Pizza,iHCPaahjPoJTwHKRxQDIutY,7565.69,zIw AIDrspM,19
35,Banana Foster,KwDCAGSHwkzYWNyPCdJBTWjFzyYoqgYL,3059.73,SSayngDCVFQ,27
62,Pop-TartsCalas,hAHvgmjPVCMkQXAqMsZ HBRANxE,4871.8,uhDwMmoddq,14
75,Hot dog,GzCGNAulGAPaAvSsRqyxhjcCa,5141.28,JT dZKXUIUiScI,8
60,Lemon meringue pie,LXEtrheazrOSryEZZSsgmJDqwAmQTbcQENK,7414.89,YHTodflwsM,28
1,Polish Boy,vUaTvSbHPtkfSNiPxKMlRuu,7370.27,"TGJmQCGCFCy ",6
35,Spanish rice,BAOJCaKGJykqTptkPQmURjqIlmKe,1927.17,SDpCqjyD voKhu,21
69,Ice cream cake,GJutVDxXXXYFjxVFtKIzBqSd,3304.61,PEMXvnJFUzZ,17
41,Banana Foster,dE BCLpDAPHidfZeHcOtZjB,9462.42,yRMhxGzfUvAhEo,6
60,Jell-O,KfG TpKWxYPWRITwcNETHNFDtfrsiibrg hCW,6045.94,lFwqaEfSLkFE,12
70,Fudge,ZToAGvQOiVuNmWAUoKHYDQIdJeWYLwLtSHTX,3422.88,NrmjQOvJMNaD,21
48,Fudge,UKQJQHajJHNUeiGrDrRcCZdLRJzRbAGZa,2966.83,ETSQRMNaDaEWAH,9
53,Huckleberry pie,HskqLDLDAZCSD HiFrbQ,5761.44,OhAzkwwDha,10
63,Meyer lemon cake,GSLljJHCuAKUVwbgrvUYAOicTVE,1848.12,Bc mtxTL TBkwi,1
52,Checkerboard cake,HZGNhIxMvUtHjtPArxDZfsOiStlDPC,4586.51,thlFEGkaya,28
34,Jefferson Davis pie,AxqkVWPQUchSAylD CntuRxgLSJ,7970.13,lojjtNpZmCoLp,10
61,Pastry hearts,zhdythMQQfbHONohFooerbaibDmnJoElqxVTqvyu,5445.27,qTgCsrcpEzjsFfG,20
39,Grasshopper pie,EtJItvwWZmNWWnaqMCONuyKZV,1518.93,iyFjxyaxVAMMN,1
57,Fried dough,sxHBWbicZMs cJAMqDKalfXxeNTgV,4077.45,bKlZLMgxAmYekb,25
85,Sundae,QMBltDZgCqhFfbIFYWccedG,7713.86,PQKtuRHhVmoU,23
60,Strawberry Delight,TVHOZbhOCEMG vAJEryeG,6429.49,HHsniMa Cc,9
88,Cupcake,LbCbvcouvmPGFUlIyEzPwCRKj,638.29," tjhEIfrWpIqwfm",7
1,Caramel,uyzfwlUuUqkJOBOfdgANCLCHBpwVoJMvqd,6014.23,XnfAqLtcpbbiP,30
50,Derby pie,tk tuUnkQvqbEhiUMmlihJBZCwW,1382.98,sjprOwsaPNkW,20
66,Marshmallow creme,BjCSlVcnnGVmvlyKtAMxRGTKumeLxj hRmZLwiw,2037.1,nxmBWDXWQCfvUW,15
72,Molten chocolate cake,zkCxKixCjwifOsLUPlQtrFug exXywiebWFbs,7899.24,vuPoNzodcusTC,14
62,Stack cake,SrCuQUQmjnuvuKPeHgXUxpfqknEq,5798.97,ZEXPnDc IQP,10
37,Cupcake,rJnhdNicuSSzZhLbzvFyGhrJ ocowMyfTMp,4541.04,tpCPCVwuXbF,13
86,Chocolate-covered potato chips,xvXsSmADrbjSSwpVZHArPjKSxEgVFwsC,1699.28,YptcxSDbgDkC,21
19,Pistachio pudding,xTBgikSsBUdgSVrtODfvDxAJDIXkaaxizCvoyf,5887.08,FEiiAYSLKAQdNe,28
39,Chess pie,Uayp EMceNL bzrJUqagNWUoWQVIQzkNmQ ZXaw,8806.92,LDccqjWUUZ,15
71,Hostess (snack cakes),LWWGOGjhGSjPuyELwZMWpnf,5676.94,druwdPUcFybbsd,6
27,Grape pie,gHoeGoLMhGvnRIHjVCJARiQRZs,3868.17,WjWSzc eCmubZXW,19
80,Funnel cake,f RfCIxMvvUuWVawJPcIVEAhEECfyTboMr,7762.92,LEPYdRRMk uG uO,5
63,Brownie,aZLMTjgCUcGlNxMTVPNRLsVyknQojbSla,7902.6,saKhOfOCeZTE,19
46,Pastry hearts," QlHLUJBPlRprmJzfvhUhtbJhvQ",2919,nHuxIZSfstidMUm,5
23,Hoppin' John,jhxjpy wmbDajFLWKUlreswVwePUHdK,8566.19,DmOMjGxgbg,11
54,Shave ice,zyLNgpfbDmJkeSTQMrPENKphbHHegbcCcLU,5394.51,SHHDGRkc XzhQ,3
66,Chocolate-covered strawberries,OXQ tnyTBPbUHAOMVDPMSqwEEm,7884.08,gXvGAWxvmjCRR,5
22,Bumbleberry pie,ePLaCjsEmBoZSneINRjVFM,1518.65,airbVyDCQxfvg,22
1,Blondie,whkyOszCHpOcKfYGjYiMxSVKffpvIMZAqCckdy,8690.57,BthZnR XvAN,26
9,Lemon squares,UvGpoSoRZXaihELnQWBeaWWaYJAe,5837.91,TVFnKxdppKUS,5
82,Cupcake,czGjZJluFvMzntaVZgCFRWyHjguEEMid,9135.52,wKNPkwYvyRaKxU,30
48,Chocolate-covered bacon,e wYmjfCzYyPXmrXWgOtkZOSLn,7295.05,IJHnkpNymr,21
12,Bundt cake,MSWwlBYQuFiIRSbBVsZVLzuZsgbMjdfITJkItV,7577.75,CzoRNXydEtLuIpG,9
82,Shoofly pie,FNhegsBqEOoRWjAORSrdxHLkrPWv,6628.89,hgGiINqTZD,18
63,Bundt cake,jpvlNKloyBgxbi NBbmvNkVPtpXAp,7192.86,nsbACb BmwGZ,11
46,Boston cream pie,qHZAIppQBYRCPRz StloJqrfPyZqWQ,4404.1,jMxcYARGnJb,12
7,Peanut butter cookies,oUmn IRkpHoAfGJcnQG YAOYipygcYXrOdpR,2027.3,nKdzvsqJPK,25
19,Shaved ice,oGJGKocbkjKXXEcqZPiMGsNJwegAupcLDki,1063.29,wGhSNRLBop,23
63, Meat Pie,xkGPHBgzX QlUyvdqrHQfPKgNbLlmfCGSIwXHfc,7283.85,CKOMfrHiXpHNKy,4
53,Hermit cookies,vrUgCBTMttsmvYFIBXMq,9283.19," TnTCnKeVlppDjO",5
40,Gingerbread,lcYohfzFBkNRiYiVvqecdWiZLUwEDGVpNx,8596.7,sZDdxYaQQJncQ,12
87,Shaker Lemon Pie," ROCBxBqKIaWEPGoWJgRxCYtCIILj",1288.07,lsqzIGTnZpgMe,9
45,Hoppin' John,cMMFYxPmmeUxJAolgxslwVeFHdlI,7643.53,NXSIwEzjxdWyw,9
66,Breakfast sausage,zAbjuLmrOJHnFfILjvdMvNkSs,6775.82,VmHFvNVwUg,29
83,Lebanon bologna,fGZksNQvWLmjIFvOMwtYdE,9618.89,sDtTDxMjOjrV,26
16,Marshmallow creme,bQroDEUQuKXebwCShgMmNNzbCfvUw,8062.86,PjbWHZYvpoOnv,11
81,Jefferson Davis pie,YEIymspnbreDWOnTzEFvndOsuttglxB,2928.05,vWAAsQzSDc,7
41,Pistachio pudding,BKMgRXTORQsFICIFWAoMtVkMFcUmED,4440.92,kdnbcPUMUpKt,9
29,Hawaiian haystack,kbmpKUTdPXsgQwPDHWEcToyMmcTkaTNVX oT,9044.14,qTkAZMcgubQqpVd,5
4,Corn cookie,"fLQdinNJqoMmCtssGoXXej ",2054.89,dtSXsoHTrunK,26
37,Panocha,EmnNgVLndRIkJPdzKEVJLwdrgCrzLYroNg,9839.06,twwsGIq XSXNTzp,17
46,Butterscotch pudding,OowUEZiwbAbBpJArxdZxgOoqKnMebwzq,1654.42,QimBoSVrkvuT Kz,2
31,Black and white cookies,DsagcBOnYMaMWfltIAzgRJzIxj,3378.8,nRWAizwngoEroH,26
16,Shave ice,sZjzJDYaTzUxblbgezCdFtNP,4217.52,myE NWlXDxdj,28
5,Sundae,QbrXcDqDjxdcyjzcdHOzQhNPf,9067.58,sXSFeKPyuTbf,3
59,Shrimp Creole,pCalpLnYeLeHpXSFIldypvv,3648.53,jaHXvEnBMmJDlk,1
63,Shoofly pie,A cbxvJMUalbFEMnunwAsf,4247.96,zHXCdgLVpUdHep,17
43,Chocolate brownie,LjvZyLouQHSyhWRXZDXSYiBNxjTMrjXJBLSRSfRo,2577.91,KRItertoru,1
15,Charleston red rice,dIhzWdqmiFkCiFgpRWrixcUs,5380.83,msxPyNAzJXt l,30
5,Dirt cake,UCgdXvJSBHcMOnEsaYXnZGEaIjDx xusCa,1713.92,TjJIaIRCbFIEF,26
78,Candy,qtywEHEofyJSdmcYOyDl,6449.85,WTmYozHKedZ,0
17,Brownie,MN Ysam KeMAKjxEPwcGTaCrYBd,8672.45,pfiHlsjhhPYs,6
22,Persimmon pudding," dQigOKuwzplvgkTZNFUDkPOFl AHIXYGm",4305.16,yzvMOOKdgivMiW,7
12,Hostess (snack cakes),gBPUZmgzxcuSoaDlHLxRSoWZbtUjUuxiy,639.68,QdhrCrZoiDmTph,19
15,Shrimp Creole,hdUYKzenFIncPllpXKWTnF,8934.25,uwgQtUCyCMHK,14
3,Funnel cake,lFBJDGIKRNNPwCXTofWRJrENVaM,3736.51,MvcsbwuyVmCR,10
84,Shaved ice,eEimfHauCzjP rOSUPyYjflzpltNF X,7006.36,jqdAnqXeUjMj,11
41,Corn cookie,ibeVIsoWqKiyr JOhUPsZgJnRejLQaRZyBy,9828.49,nfZuJgNAVYM,25
29,Butterscotch pudding,uEQ vMykrriedEhAxdfNEsmWdnfEJG,6729.04,kufKaOndHGcrjol,0
8,Grasshopper pie,cYbGxRJtGigPeQmKKrlzKDIQBxJpjZ,2628.45,yWSUusDSUXNW,0
21,Bumbleberry pie,elVyOBMXLdPx NwCGgDVJ,3752.23,naAZJRNhrlc,6
10,Marshmallow creme,aAD KfaRJekYtFKUEfzN,6759.36,ZcBWLemzloi,24
59,Snack cake,advzJPYfmdMHogrgRkubHWYEzB oJIehn,754.71,EEKsYaxpFpGpn,19
67,Pop-TartsCalas,ooIEYHJAYEhTnYyjusjWqWRQWYKDmqyMvjeSGKI,3171.89,GCaBLmd  BTA,28
85,Grasshopper pie," uePftOlnfcRtUKsgbhZyPjC ",5765.6," Hua wGSGtvM",11
37,Cherry pie,xUdGOe xcAozRkCYjaOAfvEJKPhgbVDlocI,7144.1,LbkFgVDjWFtRR,23
46,Shaker Lemon Pie,CWn ZfGuBAR cWHFOqmmNXyWNnEk,831.91,ZCGJxzFPLm,26
14,Hot dog,gpaJLxQsJj xXdpkXIDmSFvFFBtSovqFw,4560.3,mOCwHgzdzJh,21
2,Key lime pie,yf WUUTQaseQgzWqpuHVhujZghyUTPtMeIBT,9929.14,eqTgFbeAVE,16
34,Jelly bean," JRB vjGouKpNbTgkQ DWlxlUFvjDT",4070.43,NJzEsgUwTguuaO,14
85,Pistachio pudding,GSoszzDYUpeQQRhodZYFNbXWOmv ZfWI,2974.12,C IYWTnuXk,7
64,Snickerdoodles,iYHUFxlnAAAiOwGnMdlZC,7291.05,TsYkLEFaTp h,3
2,Dirt cake,bMSZUFEsGxczIbqdaTPdjbyMnvx,3796.22,ZQvttTL ipO,16
5,Sundae,EwjzRxBMiiUvCjGAwnfCex,5083.65,kkykLlVfpemktVj,23
64,Fried Coke,gTdWVJTTtyUkboDGgETJ,9872,tkIgPlkdQLJXfTy,27
79,Italian hot dog,VxQfORiJThjMxWqRlSKNOlsQuLxyMVlBaUdcPZ,6436.7,iwtaOwjmRt,15
26,Cookie salad,HT YpIMLGFvrpASLnzKcLaVvZL,2773.82,V WZomtjKRPgJ,21
20,Rhubarb pie,JmQLsztkLRZGcgtIEBWdiaCFzjSKgQjY,1073.15,njZPSIdbMCTAh,27
76,Lebanon bologna,MY ECYIeIwzF mJwdJEQruS,7452.84,GSsTFEKQndZmgxS,5
72,Gooey butter cake,UPRnwUOjpvEDR uqikju,9783.17,zHYcbMZavVquGA,9
55,Chocolate pudding,PbfEVGeqXgLCYGciBtsutljU,5838.34,KfwfJWMDsihIYk,21
23,Dessert bar,oVaGjarxOisdmLVOQdDzaSwBbvfbiqpfCwLXVV,4923.62,gNpUewciFGn,12
33,Rhubarb pie,mMH VNCpag qcqBROWHLpuXmeawk,3976.13,SmmiIPzAemREwm,5
87,Caramel,zctRpONpEpZyqzwKLZRyaSy,7082.64,pJKBiUqnGhzShFH,14
56,Shave ice," BCuQXYzkwtymB zDxQPMruKaqWD",856.74,A yaZyabCIpGE,13
70,Cream pie,rvxkVqKtbIfKFgEtuDAnMjeEzyDXoRKjI,7716.3,nbIMidA iRv,22
42,Funnel cake,UeQYdtzDtWHFUbXFjEGzDqCkWiaxScxkkOdarw c,1226.56,njKbKzQqbdS,18
65,Italian hot dog,ADLCQbGXwxoqPQtHvOGGJpx,2181.39,xDSuWuSKFCdm,5
28,Hot dog,yvWtKyLRcnZEQtvMFAzYsmRoyQWpIhajwI,7935.28,FWvmltOCql,3
5,Molten chocolate cake,pdDVaZnlMiWCdqSOJjOIfvNGlR MiJEEv,5981.32,WCeYLqSdCDCtH,18
7,Cube toast 2,TswWelNCpJexkOJtzm SHqXeLsllh,4307.24,eYCzcmcNry,11
58,Cherry pie,ZXJwxVeUTkGhvVMgHANwuzzW,1059.35,TFvFzkUQndc,20
14,Hostess (snack cakes),tlEtaWHtdsbQRTUsaeOiJ,8746.46,lqQnIlJUMtjuH,9
59,Molten chocolate cake,aPjEAjcDGC qMmPNofeVsbZVHfgsVQpiC,7614.06,nZyCuIqTuNNhZH,3
25,Jellyroll,sJcqOcBnUBgLEPDvLlXDFxtQvnVUDNrHRodJou,2380.43,Qv hXKHsCnPjw,22
49,Chiffon pie,msQSCoHXMBRNXemkXVTdOkNEbapTiuSlY kIin,6166.49,VdRDrPjMju,29
3,Frozen yogurt,YJYHbiJBwlucgHUSNgOySPkAgy,7721.28,NqdyiCnFZIuq,7
29,Polish Boy,INRwMEcHDsjrAEstCxkilcbEzPNoWrCmNEvPaZQo,6276.78,"LlDNmCdFu ",27
5,Lady Baltimore cake," HdgtQsfuavhUyVtTtpvwBJQQ",2323.75,oNUuxlNAUznD,26
88,Strawberry Delight,gMGDlOOvJeXGxrGUwSVpowNTfiY XlTncPTaC,8691.9,aBAchxWKfqwoQV,30
60,Strawberry rhubarb pie,vPmfk kyfjUASA gpVfCSgi duH,6137.22,DaIZQnGofG Tv,19
83,Peppermint stick,z bIiZBjeBHYMObzutAyiHbrkRxswuKagHg,7695.44,FjoFvGCPlUNEZC,10
45,Hermit cookies,QH lJQEdEpvWNkDLOhmCbey,6575.2,IanlnJ rSvdu Pr,7
23,Glorified rice,VYcmhbRXieEuDgwUZykXNkdXZb,7937.83,BVUzUQKdwCHfp,20
3,Hoppin' John,wvdnwGImSRvAFIYANRcuBoAcJzfkBsMVj,5737.18,qghFhM qlrGHwd,9
63,Pop-TartsCalas,coSQzxOeacmZbUKgcudtHI,2844.22,flYevnLDzWKUTS,11
46,Hoppin' John,qMcISRmizganpIvJziEl,1731.2,lojYRwUimQVQFh,10
50,Candy,HUcTcTIiHYhLDfghb QxLtxPkJJDZQRccisyeX,1226.74,yAYfqbRHEAnbM,1
51,Pudding,ECRdUz iFKeVfROnPDmogrkgHdz,8834.64,XGWzfvKYxhB,26
18,Chiffon pie,riawmJvd daVwSbG aHGnvvpaaVTeqpUoqV,1996.91,lAvLpwc XcA,6
29,Rhubarb pie,pbnePDH BKVJqzcQivUhOlOGTcB E hSRICWscE,4673.12,dsHurUBOcIcEbPM,8
67,Glorified rice,TPuvjfcFszSjee qheoeolipYrRNNjKxXnZtzkrn,2664.8,byYpgWhTmzDtB,4
4,Breakfast sausage,eoZIJ DvANeQXhEJnmjvM,3113.86,JaHZmSLCXHxAGxO,17
39,Lemon squares,ykwLzzzxmYMtcOOWdgEVkgafMsFjhLv ZruII,8920.37,CURstHvTuRnFOq,12
84,Black bottom pie,NeQuxmsoLjLyH debeyeTCSrVSXxsNnG,1526.31,fdNcnPbnaFH,2
66,Pop-TartsCalas,GcABwGBabWQqyNLREFZtcjeuRYHyZ,8646.21,caRiLOmryctlIn,11
53,Cobbler,EDCqAgnhHYL kgvWcDjarnLhrVeazNcs,5167.32,SgQDBh  NAPmUhm,21
3,Panocha,icQaGRWemCNvTSlRPltwdtgLUGTfCWuwDMcrbjBv,3848.97,FLVQCKvIs Ne,24
47,Cobbler,jJAKoxJ SOODCLsComuI brpGYoJy,782.93,QlhCTcRYCA,22
79,Lady Baltimore cake,QVLaJjBRPLUgooJ eSYwsokwgoyyQgNck,9404.39,YuV BuyfHsK,7
20,Soft serve ice cream,jjhEtmsWqlzBRjpWZPDCeqkbYHLTgl,1884.64,vIYmobsTgqwd,6
51,Maraca pie,lfBMkhdkgMpEqcfYsLBH,625.01,WIUocT HhSdpFo,19
40,Pistachio pudding,uzCQKkUkcSoVQXHiGwyjNkZaqNHzOsGEXYN,8058.94,HApLCGYfbbpHKr,11
58,Fried Coke,aUkMRqZguWfq NjdeSzMZBUJNEsLQAUW,2367.42,YksQabHuJMzWQ,4
53,Boston cream pie,nkAWBkjGqTpjWRiRCmNHdicv,707.61,TVcsUnFWvWKnFWJ,8
72,Breakfast sausage,MhOjOBXArE uzUDIYWzT,1230.43,aLpJIhBFwMP,17
58,Lemon meringue pie,KfMXACqGCbslIrhcxenDRxiBuJuaLU TH,1402.77,thMOl MyPN,28
15,Pastry hearts,FPlGjEviIYfaeymOVfeFPDnESFiDHoANZdC,4970.45,dvHKHQBPXwY,27
25,Black bottom pie,XKey exsVjMeiAEilbCPxHbeKfw,3252.8,"dzHMjFdfcKFI ",1
58,Blueberry pie,rdNsbDdDxqtSkF PIJvT,2558.09,iVwEOBOBhLWb,6
33,Lady Baltimore cake,OfZnpdSNZPOlnk XxwFBlWbvcbzXHiwHxiW,4317.08,hCEAweHVNxYQVKg,14
42,Boston cream pie,kpDywykcKmnSHNdENIceEGxRfdnkymnqELZo,7299.92,UnBpnZrAibX,8
69,Lebanon bologna,jlLeudmDFMteDWfcpLXjXqWdH,1143.71,gbHFfvEFIdi,15
22,Jelly bean,GncqEVnYZlAXBGgbAXDAmyJeObqPX,4242.89,qGRFzbjFqZAcCvx,12
88,Frozen yogurt,XBBG eoiZrzWcfLIfUMuffd wU,5386.85,DtovNKaklygsFP,10
36,Jefferson Davis pie,caZiYlVRlQxXCcATQevdxiRnGXNQnuCpi,5355.54,dcCMWoejYqfvs,30
23,Apple crisp,rtMWaXBPdczfARXmrkxYK,4503.87,ogYKooTxJUniQMx,28
67,Cube toast 2,Zz GJrFLRceAvDhfRUUihclQamJ lndeoihQErqE,2101.92,rHZPTmtnBUtOZ,22
63,Grasshopper pie,nkfSisrxGLmxeuwDSfHUbuKNkbv,2375.57,cgvggjUTFlplWtP,30
88,Funnel cake," HVCsNWYtCMrGMxAKOCNYthBuGH",7727.85,rUojHuJJUpfO,19
77,Goetta,lJCYoXVaLcFKsBTUZIZv DNpdzjbm,9069.53,FCVrLtFVcLe,24
75,Checkerboard cake,TMVuAvfjNiFgFVbUtGppnasumsv,593.99,yqPdgftGHihd,30
22,Grunt,lBuIlvBfbEaulVFgQ wcOAdIXFwksggxcibCaaG,6063.04,u dZGxXBafx,5
12,Smith Island cake,llgvubZYwyBZlrjmrIbBDEcexKCVsU,7164.41,tPIeJelBWigOq,23
72,Cheese,kfDsChwTmyxWgTLyPRSdQdXMEtl,4362.69,PqjSifLcKl,0
72,Doughnut,cJCuh m YEvIMjrSpUqwbXxIOQHgaoqIh,7759.85,tqRvntQFgwba,23
67,Mississippi mud pie,zPH QOQhVaPIJIfaHfxLzmXe ICRuPYVG,5293.44,bPkHpWGVdnDxv,18
77,Brownie,ncUIAxzTshBUkWUJfMiEGSnYSULUxgf,6590.95,uuztetWeFcK,0
89,Apple crisp,lVbmjNXSAblPeSRNLPKH gPwGUPll,3113.12,ekgimMCJOcqCP,8
4,Strawberry Delight,ZnwydBjhihNSgMKYEyBv z,979.37,GvMNqsMAutoA,0
85,Pumpkin Pie,MykmhmYgoaozGEOVatleIRvQJbiYiSOVtYcbvyW,7539.58,zOQFDYCqeILwYqk,19
73,Hasty pudding,OUzhwkzNgPmRavsaVAoLZjuSLcVlwzRf,2223.52,GHAyZrBKMgdFL,16
70,Shave ice,bevbFcPzHLkdHAYaohWOQoLhW,1804.89,RYOkaRsxCxfc,23
45,Strawberry shortcake,FuHXCTQFiRMnfTKkHxdPiHBKVlpM,2259.15,cPypddnlniUP,6
26,Chocolate chip cookie,Uxqc cxJgorDmIFRophbjiiHEi,540.92,njoo  XuaMPBXII,17
61,Yeung Chow fried riceBologna sausage,RdQvgPIFTIgXoUOnjoxdMMm,5024.45,sapZbcLtZbnPx,20
10,Hostess (snack cakes),BTHeByHZcNimwxQRtPKNdaYsB,4698.84,beyJRzHIsN,17
83,Key lime pie,jxJffRehXFktssQteKAvvuV,3441.08,UaEEKOmDPZp c,11
85,Persimmon pudding,tFTzLKSWLTiFu PiCypgMSfoHVAWlzmIAkWj,5171.31,mJWisldXlH,17
19,Bean pie,ooeBEgZRHfxkwEuSIIrvhggiPj,7735.16,ZOkbqcrcOTE,15
62,Doberge cake,DfyafFJAcKUVpvShZYfnnBAhs QciYYSRXFv,9771.66,AbUkqXnmQNYAe,29
85,Banana Foster,NnoyhIYztMtuWZxtlmOYNjDNUvUJb,6579.59,nEJfKjYUqDlgCu,9
86,Black and white cookies,tikCZJggCvMVbcIXX YAONskNzI,4443.1,GAzILeSvJ gfQ,10
61,Bean pie,yGfAleyJRZbLYwWDzFNZKrsSFpA,1488.73,HrelnCxVuu,15
30,Fried pie,nAfpWKQshsJASpjCrokS,5473.68,urDusZ acBoMs,10
39,Rice and gravy,ggKZnKTaLqEIOZhpIDSdqTtvPfAQNAVjLd,4271.22,NAZBnbksKMnqaYt,30
25,S'more,QkUxmizOAzYOjgRbxrMoGMOV,1198.62,yFLWVOnciGKJk,1
54,Italian hot dog,KQFzdkSIcOex SeTbGTMkD,9484.49,xdKcTUF JinDOQ,13
53,Shaved ice,QOcghcgZCUoWqKJfqmnpyLIQjio,5399.7,gPaYnuhEQXlV,12
80,Banana pudding,HFBubrlZrsGjqiLRhxeZbOmceAD,5937.72,EShWYqAZAL,29
32,Cream pie,jRCHhYFOzhJMVxbvFGyyymboRhhzjiQwWUpDmz,1408.12,"hbNgRZa TFqOS ",7
56,Fried dough,UsIIhZGiSMuD YSOs N qgBqmwfNUITmkB,3880.11,iehCagHFBwmCLqY,0
34,Cupcone,wjWwVFAggXBklBQLLwLZoHdC,1083.14,upJQR fiHkpQ,16
71,Chocolate chip cookie,FmtSpGLTCxGugUbWbVj xpHP,3701.88,KMEy  iF TFFfoS,28
71,Pistachio pudding,nUfcmpHqvQXoNb iDHpqlTEfXec,7752.19,IzSAMQZMPQ,17
54,Chocolate brownie,vAzrQIJazXQUyVNkMJmXHJgAX,4108.73,aYxoBVKyQL,24
58,Chocolate pudding,cqtNBarrrkSGQvrpIJFkg,9497.83,sRoOzemhnSAHNxK,0
10,Hoppin' John,HwjxMCLnHe neAd rvUfaREaqWtrJZxLESaBWdrf,4798.13,tWwpOzzjo s,23
63,Funnel cake,xNsPwmIbEUTmRsQunPmOOCwRQ xOwmADMwqCS,8715.14,ttzWrFcVqDTK,22
89,Derby pie,bkaCBOsYJbWfDZlQD BcnqHgicDuhskBkULndf,1681.56,LyXicoXMFn,10
7,Cinnamon rolls,AHYdGtDzjWMlAsXbeiZYvkrwIehIbOyuuMHnse,1708.89,nnimzqVksoGSb,2
31,Doughnut,QwTE yXeWGqwuAdotKNccpuldggeVvODjW,9030.17,AMNpFrXRRkfX,0
61,Parfait,hSKsBdstvmCDYLtIwYRVsiIVcA niBPvyYExHvM,9382.81,PYLmkbkISmCt j,17
2,Hot dog,RJQskUP ijCgwjBFjqJENElWcX,6214.52,oha cF iZG,18
86,Cherry pie,YvDXFNaQQGofSDbuXMNfWsOacbYGAaxevGvwlAs,3573.72,fRaxTVmyVf,26
6,Snickers salad,nyHHeXyGPygXtTFMIGauNxVHdSPJOuy Tl,1204.75,wGyJuCIEZcqs,8
59,Smith Island cake,rYrphxn ArGoHBqYRWnh,5453.27,"USdybwJHZ ",22
68,Key lime pie,Uq kFsIwQmtUZDajcFoPWTDcktsQPzDtJ,2436.09,lPiMeLzfSjqJ,1
86,Jefferson Davis pie,xfhQyYWDOyxZnnQkxowNxtY SAva fKr hA,2647.71,rRkQOcgjknu,22
47,Breakfast sausage,DyOea sgVpkyMsLshgzRp,5276.27,lYbEyOvpfzgSpP,3
30,Jelly cream pie,pHnboxAkqzyYLCspIpTMKhHzviyUvkclLIHNdCe,5799.38,dYGsMObock,24
47,Cheese,UGzRxjLuHxHlbwRCXcNw,4050.03,HOuVEXcAuJOcSU,8
72,Buttermilk pie,HZedfUTjPBLMsydvHCIZsAxMN,3769.83,"IsuXVbORvPzH ",25
2,Fried pie,oELPSy BxPamF ziGkt bWiyEl,8252.39,McKua QdULBkts,20
11,Moravian spice cookies,CYfVySpHScPERKbfykPuPphwomdkOZzuQCNgwgfg,1569.67,BnPKreolyi,24
29,Snickerdoodles,bRpnZiMuMpXpOFdThGWZVgClofArSilhNSmjTuDZ,5825.38,ta GdlvwaHs,5
20,Candy,oY  BttWYpkcSGqfQYrp,9079.37,ZKyFvZXBJi,9
47,Candy,tecJkEXaNaqxPqnzjI WNGstYmV,5159.31,UJedCyPrejvaP,30
49,Pecan pralines,nF UdFwCaCwuOArdnKHCdY,4585.14,uDSdNkiSfU,13
71,Brownie,gPYWbJlQrZcCrwDPa IdkLJECMdZ,2603.91,DpzyBsjwvtxefs,16
78,Molten chocolate cake,PrTuxKhswtRxBx rpIIdGoXvYfcmia,4099.35,RRwopBWckrq,3
56,Grunt,SPsJirqcE  HrByjoPUvZFUvRFfNyTgzdiJDxdlr,7999.66,HeSmsgRQsOnSG,12
65,Strawberry Delight,jPbRsdJ zXEgiGVkoXAhqlCDVu,2086.58,UGlZYtGmvFtoHD,25
8,Icebox cake,ghSvqmNqyUSuIcKYUUHGArt,4384.35,dvvuIlsXxBjc j,15
42,Buttermilk pie,TgtOXzVoQxCourzRaocEFxVQ,651.12,yFXsGXRQoOUla,11
66,Black bottom pie,NDInFEtPcGvDRlUFyPegAsviiPJygLptlftuJLm,1954.74,hsJMfwDlOwj,20
6,Hasty pudding,CcyG ISCGDYPlQgifvnoREKDeGTDmomVpGNEUja,5208.77,cxiXcTZCRHhi,26
87,Gingerbread,XrFeK dWQVPhQmQLXgoQxYpurKQaBJCcSjaqmoI,4282.9,LxRbGQEnHpW,27
52,Devil's food cake,UMOOC cSfmFNYMunuGOEeDPOosLdwWEJ,509.37,yERyFYVPOpdV,27
67,Cube toast 2,ElfZAfyFNFWiNtTsxkND,8371.42,RU tgBWprC,18
29,Blondie,cxYkcAfEYffcpMuDsqJs,7791.04,sgIJcLzqJpdF,30
71,Fruit Pizza,GnvKcSspUdiMDXHciCbYopGnLz,2578.3,iYSxFuWuDmiiGo,17
80,Checkerboard cake,xPlvYCpFhGDmSTtWJWniYronzJ,5397.62,efjUKsBPUEHswIc,9
21,Hoppin' John,FBCKHxvJknZiBDSqVlnR,9011.17,AdEk rtgDPTTvyY,12
66,Snickerdoodles,BZNCmguvAuwOQwDxYEzGPquNjqBf HpoHtBNB,528.9,AKHlBZLZbHSB,1
69,Bumbleberry pie,PuvodrIHgmaqQnogipvrMdo jmi,7777.83,XDReqFdFVfrAzC,22
32,Blondie,pPcyoZwoPiGTSxacIecIbxRdfIVKoByP,8506.98,pRgxZLuZyPe,16
57,Chocolate brownie,yAGtBiIKNRByBoDJhIbhooE,9497.1,GwrijheWAhSEeaZ,9
35,Fried Coke,KJWwuoaFLLFjtQUHtGGUoeAXTfjvjtzDPqqmyMC,8636.51,YhaCIiOntQWDA,25
83,Souffle,GEoLlNMvTClDGUxCmwWgmXiIJ SMbEFcOYLzgW,2926.05,huSIEtcZSjIk,16
72,Key lime pie,FGdqUbDCTfgiujSKbMfPTeyjuryCJu,8329.67,HVaTCzDOCAd,24
52,Moon Pie,QRPGHILsAvDasFyAwqvYUoUNmlWlmkqiGy,3064.67,BnbJfVxTYKLMf,28
67,Cherry pie,BJDwmearwCvRgouGIslNXrWNvIlSo,813.03,qWj XZICNz,24
57,Grasshopper pie,wPAOnNprysulajboPiKVeZAoA HkEwWB,723.75,kuLhREXiZXXYmvq,27
17,Jelly bean,h vhUVRbhRAEpbaVZHQMSHGmEYbt AKKuM,4871.95,HHbwKqVAIOoy,7
21,Rhubarb pie,jLywKYRozt TXXfMZBTMIaQNjNlVZ,9321.77,wwethxtnewoe,25
75,Jefferson Davis pie,wLNFVwDlHcGHgZLnEcxizIwtpi,3318.51,pfSKXOseKzwCYw,8
82,Black and white cookies,ucUtDtVyFBmsAdWejnMbP jA,6256.84,SHadMBJubKmGvMh,22
1,Yeung Chow fried riceBologna sausage,VWVcbdydORaIWvuyPphaaJxF,6275.57,pkgTSafbDsyAaT,26
36,Pumpkin pie,RVniFwBrLBRtQUFfsDHCYmYORFTu,3201.76,AbpOTXIaIvXQgml,8
31,Devil's food cake,VJlHUWxyUpUemVTUIqJnCHjfXwxY,8106.77,APlJhTWtGMqoFe,14
42,Polish Boy,UkRDfSTiQPFSDifPfRDbgkHGpCVEabcVocbqvjS,7969.51,tUD DPcmLqGzxW,14
33,Doughnut,AQkCW nNexrSdjmXAuuioIywGW JEpplu,8315.3,tmWqHuJxPwCtc,19
11,Pistachio pudding,vNWHpdnIwZwmsjmDdAjtZJDkVeucmpNVoOLk,3190.63,cQiYPquTIqdK,23
14,Pecan pie,pStVGqRtgIZxgbwhcDKLic,1458.52,fJoVxTf qPee,26
32,Jambalaya,LYXSKJUBupRhqfgeSOXNcxyn,7076.47,nsgkaMQJkvmflsw,18
13,Spanish rice,jlZaScxniaHOGcfJVNIsCOQqQjVZKPmDeg,2518.38,VpgHWlhlvMRg,9
27,Pop-TartsCalas,lJgarWdFyijBLupAFHwL FSmhsNrP,1692.03,YLvIxmJeSL,15
7,Fudge,WUBzfdpEgLILWGimwHvQOqlGqvNUfxx,1894.51,dzNuVhoOZKWb,18
61,Chocolate brownie,YrIVyrpwWBDzBHcrXfheYmPINhBuz oxqaAAki,5557.03,yVtAgLDErEnAeJ,26
12,German chocolate cake,oFUTEzEFzqBysDEyOZSEF,7220.05,UkXLhRmLVfG,19
33,Gooey butter cake,IQtQVlFkVpzIkhOxIoXja Fj,6539.74,ohNVcjXqYcbQhM,2
77,Panocha,diLdgMMDDOHcbieZWTxsOy,9837.81,o SAvVpNzKUBs,18
37,Sweet potato pie,cNGVYeXqKuqlfGETrScArtRvvnzDcsojgUGFlxjT,9616.69,HOcoPZNDGt,15
25,Strawberry rhubarb pie,CXIWiWivqyiKBKHxyFSP,5806.02,DdwyuyLOhCZgkCe,4
37,Chiffon pie,rtAFAcuVbttRZLOOiIyZGOKEBgAhJjcr,8588.68,nXqaTFektYxcDS,30
62,Charleston red rice,pkoOuMuWF cgSxWVvQWlhPph fDPtUzEfBpNowqR,5451.59,MNSiYTNHWxMS,29
3,Chess pie,PCGISNNcHrjZOWFcEgdem,8382.76,DmVMZPKHFW,16
80,Hostess (snack cakes),SazyOkCUarLxwWvyBskxv,8905.16,kpZwRdukJC NsqQ,28
31, Meat Pie,CibazTqhDtfQhqcEYHzFTral,4232.64,KKjEyxdcISpV,25
2,Pecan pralines,VcBrBKagdRDQkndsWjJuHcA,5716.77,PpMAtxfgnKWE,4
12,Mississippi mud pie,rDoZuRQimSUukqQDVlVFmAXBkRztlg,4939.79,aWehhRjzocQcH,28
33,Apple crisp,yIwprKJHPUChuJKBnJUHTHHAINVSIPXJURPhMUAw,6902.63,XvzYUFQcNoqcc,26
55,Hummingbird cake,dttHYHfquusRDSqMcizQDScOIAiMlkdIhWhMpus,7855.04,HUCxzTWBQNrcAXN,15
40,Devil's food cake,DgpDBlQEvwjlDpimHJjJrSUszpuIb,4420.55,aQghGdXDqfgvgk,29
79,Cookie salad,ImORzoUbSNLDVOGTBHlEmCMLFrySKxIF,9309.88,kQjxrzWVCjyT,8
42,Pecan pie,gPiMLTOQv PzDBdoXsgZFDMLSnmyeTstu,5645.03,kQyBMZivsfZu,24
41,Jell-O,SIAeYNWAdiMtZqPZKUOxmoZbkrbnVAl,9518.66,vilXgnMGMHN,16
59,Pumpkin pie,eIetKQBzNMFnaYdOGLdP,708.19,PmUYxzAxOxiWMdB,16
59,Brown Betty,WuNlMdIBsnhTgFXXdKisOXTZkHmC,6422.95,zipbzgPcUYpXJ,3
78,Gingerbread,MOpSMxXzILCfgUHlJYKQFVnHwJMqJQ,6696.18,gggKvFspjwfpSrJ,12
86,Coconut cake,OyRckQZybiafDVGQPaHZyReunecEjVLZus,3967.78,RudnDVWCDE sM,25
68,Dessert bar,nHZ hcqxfiFPpiX czeEO BHqXCDfD,2168.01,ELQZeYNMoDjclsS,23
28,Buckeye,eOLAoaWanuBdmZPFMlqYorIUtGD,6307.08,FKoYhEM ztXEY,17
82,Strawberry rhubarb pie,LQDuHVEjTYXTyAGsafQFqwjoqqbsJCFXAT aBI,9439.76,qsMMKhzNR eMN,1
53,Hot dog,Qr ZsLdjwoHUQUEJYQWIQ YAqrgBZRtsSzEemG,8005.3,WcdNpVctJWuGyt,30
8,Apple crisp,SQQmriawiXzAvLnHdgIwnCCceGaprjMvcYINVS,7356.67,aEQRvIGpWQrBv,27
78,Jefferson Davis pie,jebCeVAZwYXqVSIeSgGbneHNJo itwHdERVcKO,7185.94," zplrzhjwuHBO",3
26, Meat Pie,yoxmfRfIEwhTZhAwsmpKHYJNmAuLeE,4557.85,meJXnGbfNHCw,20
17,S'more,OGPhIzeLXteqyYKuCGskoIpU ZNvDxCSYjXTPpJb,2522.31,leMoicxGGE,28
34,Hot dog,cuoVjEZmUGeCbZaioSuiYSBHtRCe qzTBoyqqkE,5063.25,XagvraagNUa,23
13, Meat Pie,gmxROKVPHauBFE RAkBTOzYx,5236.21,hElTcKsHQWbnK,23
2,Hermit cookies,MdxueFcR bNfdWBtEBhMPTpjEXgZULe,6026.88,dppyMXzbhA,5
70,Buttermilk pie,KDQeHyipuyTxLVJYpT jhnmkMVfyXn,7929,zdCsDpVYmDCyTO,10
89,Brownie,rCGmQEufJPX L kLrzXgbVccXrFTPtmU UDE,782.12,vobybKWXtG,25
50,Pecan pie,hbs zHmnMMprmZ DVWOUbClbCxiuBdGNNQ,4647.97,YcGjQCxQXtkbg,5
49,Snack cake,ICvPozLWbLB ehoRlixAGMXefdL,9218.34,sQiCeU GAQGWyPH,18
18,German chocolate cake,WdM KrHCbhZjZeLCWrxhXOGLHoRcQDxZ,6399.69,DqKIouriYYt,23
20,Bumbleberry pie,zELLBuC eCTgwRUYTVmT,7182.57,kpRgXspfxwqdOZF,6
83,Hostess (snack cakes),EHRwaxBDBUaxyBfmMHHesfCuFWQCg,4178.17,joTPeJInxeaLV,7
59,Blueberry pie,ykVvuUmiDlOGPoKMOVHJoRMbvnTdo,3948.38,I XwRprHti,24
67,Banana Foster,XuTxMnwncVOjo ILwVoZRkftgj CKYcCYgmHK,2636.36,nAADHYQfnSz,23
65,Hoppin' John,BQEXpTKbmlnsLjV HmSBYVLgSOUSbOu,2559.57,aeobJwBYqaQU,14
72,Key lime pie,IClfZoJAnLUamzhvAZCKFFEMtV,2786.8,QIpdeAzkvGgYsJm,2
27,Shoofly pie,CTdbLlYcwlHKuuZdpcOWxIlnHvELZpMMHQSRA,7533.31,wEIbehOhxEO,6
71,Stack cake,"XETiQjUQpGIkgPJSaWaBbKEcCiNbasfBR ",5293.79,"AwTLtKbEZAWB ",12
38,Soft serve ice cream,kBeHbBgpsAsAKumnLKHOoeHjJlRJMWIhiaxH,1683.45,xgCAWJZihwMQ,24
83,Banana pudding,kHNYYxmTUIYfOqebcfCmTr,7751.7,pGUncsLJZe,9
55,Blueberry pie,CLJDjbXXEKPrcnAMXqGMcQiyQvv MZVVPUqI,5274.96,xtjNgGeHnrxahbr,29
16,Jambalaya,THf IbnyhRxYMNLHMjJkaNjXfqQYVip,7842.14,"QaLtxeEDrnZW ",28
29,Molten chocolate cake,YtRwSoukqbRDdNdjl  sykalgpo,6928.08,feHRIyftPxWcDkZ,6
72,Pecan pralines,bSBeJugIUbquCBWQyvPUrCSPzxsY tMeQoan,8025.94,jtEBfBNeUp,15
59,Scotcheroos,vDFvjNMAFViKKDMkyGbyhekJLyDYIN,8432.62,MPDdZQbcsMdoN,30
87,Gumbo,pTyNdWoOiSLEhzqVNoPlBuedzzWqYAbMY,5686.45,rTXcga BxOl,10
9,Jambalaya,tWGNEAytlrNXDHEiAiERoNKxlQA,8212.49,jxG IRcczse,20
41,Huckleberry pie,JTTeowNUOqQrghmNNxvehnEnwLpiu,3674.62,lvjqHUtQZDRPGfx,20
84,Hot milk cake,svUsCnHbdtsIzFDQJXzWLZroQ fTBS,701.09,ShEaCxCfBRnsSe,27
71,Cobbler,UiRuUGhpYxOxggJYbvvRaXpXHIrCcKgvDE,9696.52,nXe LytDCeJdJN,5
9,Snickerdoodles,AoSrEnYQYBWSKsGFzNSMWPB coAdAKhhyO,6900.3,bUYOAMccFT,25
56,Smith Island cake,RgQVGCaUJgjnbvTLxuKsolkQZdbgGjjnyFXxjz j,8245.88,vm jS YYBYHTME,4
26,Charleston red rice,iSYHLOtAbZtKamUhnrzfxXFusNlgipdnZRZj,5643.69,VAGwhazUOdCJAD,21
78,Bean pie,rtQaAyyjEaBfpUUIP Sy WHNA,8509.39,wGBinZxxiA,12
76,Funnel cake,yxNmlnplLKOeSRfPKlJTzhlDlHohJAkkFsJJgE,5634.94,bArFbSUykuy,26
65,Charleston red rice,helXlZJH XNGTEAiyuNTU EoLFmfsTKiABt,7864.97,YRQsOXOccaBwO,10
26,Ice cream cake,FtuTZuMWWmlhMpnEEOsIYZYqUeprsteB,6523.75,aDTbBYbAyEgc,3
64,Bean pie,XYjxUDyjnZeT BRbzShSvQgTvGYOmMcb,8601.55,BRqkiYkxnPydV,30
45,Lady Baltimore cake,aJRoCMTZGWqnmmwypfIxJGpsKDwQTSSD,6356.41,hPEIoTgsKDB,25
3,Meyer lemon cake,xOJIvdEyIYdcVAuftjprmu vwaDIfJI,7814.51,LEOAxtTNTrUTlN,13
81,Chocolate chip cookie,"BETAkQnrAOmAHWkDKbspFRqvhbT ",1877.51,FFSjBxtWUb,20
32,Maraca pie,NGttreDFDylmSSZPIXjSisxsmYmKfrE cAyrb,9789.24,bwfjyxfpXAEm,21
89,Icebox cake,SMQvkRAqWPJCOEAzrgTVkONsNZrPdLQlNXfXJCm,8523.09,BzjFivQvmyfn,10
58,Parfait,uQLKUJqFYfZvlZIJEVVfatgzImJyhhdHZPKjJL,8357.48,LsnkDWGJdMFgKEW,10
88,Chocolate chip cookie,UrcZKKlDZRvmWlBHNEYLqQytEVHGEZaut,6935.94,LqQsPXuLOfEsGI,10
38,Polish Boy,ucLfT msBpRlFpHbGQdJkPkyWQX,5899.56,lqhbiNZvhK,3
26,Bob Andy pie,ezB JltJhfSajBYCbckzbfPROHL,3701.73,tawEolPwIgGQRna,11
21,Chess pie,hCHYT FXbFFHP TTkVPjyPmtc OlDLIfjhQ,6066.84,nLPDApHgEZ,22
78,Breakfast sausage,BIjIfkAjHvtrjEfXKVSHrYYjHAixqqhtxbPQg,4834.54,nIubgz hTZMaBD,19
86,Corn cookie,U URSJDudzuPpKywNqdU,9395.83,cIUkFWqvojOd,10
38,Souffle,NmyVMQmujtPHGJDNCLesKHqLYZVJJxJoDGuq,1430.26,oznFMzfDnTsND,13
17,Shaved ice,BTD MsgNwjPvxhwYVuNNRYwiUeR,7836.1," kkBaeYKKTS",25
5,Pecan pralines,urpjRUGHPHtzygSRPpRvQYS,7821.34,XVFyydmj CDKiVP,30
74,Dessert bar,uINinhFUDuJUwhSMkHbK,5005.65,RwGZXodxmO,25
26,Goetta,RoXeRBalRHszWLHoyhm XEGKOjsizEDYbqZBL,7893.02,vyyFigCKHTltGnw,9
1,German chocolate cake,oJnqQiylCBWMZqcAdpZC,6234.23,UqfJXhmEn fiqx,27
32,Strawberry rhubarb pie,SntQfkHqAO ksaSHJkqUOlSFhqJ WaoKf qE,6234.25,yeTUBUAzabTMrHt,19
31,Fried pie,pRHaVppVMUIqhGhFYjOZu,1013.68,MEZIyJlRzq,18
75,Strawberry shortcake,UueADE gyalPCbJZCIdg,3467.75,zvUxTIdZByzz,11
2,Rhubarb pie,qfETlNxgakwazAuOFbUeNbsFjEz b,5062.9,CZJCgoLeON,16
34,Blondie," ROYygEuTeYZQOInAnVClWLac kHeEhDACyCDK",8726.06,oAxF hGPJI,12
40,Panocha,isMkMaoSbbwiRTLVOSEAjCRosjAHsjP,6348.91,LwIOwOFezRxt,25
51,Apple crisp,aeQNbNEFtHiDIApUdZUBNtvwyMYcVpGZQfHr wkO,9377.4,CLZZPhsPXqKW,1
69,Fried Coke,f BQOXZasHNoOgMNbHAQxZMIkVEMIje,8233.11,XOEyQCIGQBJ,2
50,Scotcheroos,fHPyznIQqdBjmZuThQHjutHIQzBelxu,5144.05,QXEqCagMWQaBKeU,1
10,Chocolate-covered strawberries,pGJhbqxNiNAFAcDbBbOJBx OVzkEbIPQtyr,4464.54,gjLecYUKuwu,4
6,Jambalaya,BtVtZFDTlW QL CSqfeL rKkJNqZBPkXU,1234.68,EBeJPDIARCgifo,14
20,Fried pie,kfRmwVoBgkY  KNfkamRgNaWzMwFNXTKmz,5948.45,qoPfcSnvzNYCNw,22
38,Persimmon pudding,XQYJztZEyHZFAsXSQhLfajNATGhYHvmmeW,5703.13,"ftLiZXugv ",19
34,Strawberry shortcake,rgKXFxkNhqHB NTgoHiHgfU Lm,4442.65,tuhordyEQxLS,14
27,Butterscotch pudding,HlipcbzWcXmcUGOEBGyS rCx vb APtsSqT anG,1565.67,wLbNEBkORYEtV,23
25,Apple pie,CstrtYZxJGxliTRRkXygtBx,6430.39,hoHBiyaKbIPq,13
20,Banana pudding,CpDBZkZMylnIrBflRjpIWwhwYrSWolWeq,7597.9,MyqJAgaorYoQA,12
6,Maraca pie,BcsLhLnmpgVghUimATzesd,2224.89,qxVDmEAOVw,19
12,Chocolate-covered strawberries,UH kkoVItR ZDLARCJZrcCKEowJzZCFx,8592.3,rsbOMMTMRFGz,11
40,Cookie salad,WKEDbdjjworCkT BtZYfgffbrKefNx,1938.88,PwvQiLevUBXkb,27
22,Bean pie,ohRihQbV domKVXAkzWQgt,9842.76,jyxqeLGVNIo,3
78,Lemon squares,JPwbCmhlRKxssyMlxSuig pHxAcZSiKpROgmJe,2223.93,SuZoxdCCLMa,24
72,Bean pie,jbuHWjMYGIW YKCgYlNHMQWsgRSY,3049,fclkIPrInbAZ,29
56,Peppermint stick,MyXwHkxFwRZdnwRhfdSxYB,6246.01,CzkBcWwjfAJOG,16
28,Frozen yogurt,"aJwXlWFfXrkxnmXexoE ",7172.09,aDpDbPRVQ LK,0
75,Jellyroll,LvQrjNAVsTfxjplzcHczrmL VCIne,8008.9,QO OWBoeMwG,6
50,Rhubarb pie,giKcNopkTPxpyWiTuDnqfCJDmi,9985.86,mTjkdhsMOyS Q,12
8,Polish Boy,OrTzKFfKCFDrXPLUTfaSRcOJlfq,1703.93,mejleylrwsKYnB,29
4,Pistachio pudding,izxWrjkIRKyKzOoiORcW,3382.19,eKpTouzJTzzEpe,11